日期,股票代码,开盘,收盘,最高,最低,成交量,成交额,振幅,涨跌幅,涨跌额,换手率,股票名称,前收盘,复权状态,交易状态,动态市盈率,动态市现率,动态市净率
2023-04-11,001367,68.500,82.000,88.830,66.810,11260481,923359442.00,32.96,9.51,7.12,0.00,001367,74.88,不复权,正常交易,,,
2023-04-12,001367,76.000,73.000,76.490,67.000,8669078,632842694.00,14.16,-10.98,-9.00,0.00,001367,82.00,不复权,正常交易,,,
2023-04-13,001367,70.680,70.500,72.200,67.790,6181224,435776292.00,6.51,-3.42,-2.50,0.00,001367,73.00,不复权,正常交易,,,
2023-04-14,001367,70.550,63.700,72.500,63.530,6827376,434903851.20,14.12,-9.65,-6.80,0.00,001367,70.50,不复权,正常交易,,,
2023-04-17,001367,63.000,57.330,63.000,57.330,5992922,343574218.26,9.89,-10.00,-6.37,0.00,001367,63.70,不复权,正常交易,,,
2023-04-18,001367,57.020,54.730,57.400,54.610,4410397,241381027.81,5.11,-4.54,-2.60,0.00,001367,57.33,不复权,正常交易,,,
2023-04-19,001367,54.540,54.020,55.120,53.660,3326079,179674787.58,2.72,-1.30,-0.71,0.00,001367,54.73,不复权,正常交易,,,
2023-04-20,001367,53.990,51.600,53.990,51.460,3793355,195737118.00,4.92,-4.48,-2.42,0.00,001367,54.02,不复权,正常交易,,,
2023-04-21,001367,51.530,49.710,52.700,49.510,4039015,200779435.65,6.44,-3.66,-1.89,0.00,001367,51.60,不复权,正常交易,,,
2023-04-24,001367,49.700,50.450,50.720,49.300,2956775,149169298.75,2.88,1.49,0.74,0.00,001367,49.71,不复权,正常交易,,,
2023-04-25,001367,49.830,55.500,55.500,49.830,5763923,319897726.50,11.38,10.01,5.05,0.00,001367,50.45,不复权,正常交易,,,
2023-04-26,001367,56.700,54.810,60.980,54.000,6167918,338063585.58,12.93,-1.24,-0.69,0.00,001367,55.50,不复权,正常交易,,,
2023-04-27,001367,53.470,55.640,58.500,53.470,4166463,231822001.32,9.41,1.51,0.83,0.00,001367,54.81,不复权,正常交易,,,
2023-04-28,001367,54.780,57.400,57.740,54.600,3378628,193933247.20,5.75,3.16,1.76,0.00,001367,55.64,不复权,正常交易,,,
2023-05-04,001367,57.000,58.680,59.900,56.400,3247249,190548571.32,6.21,2.23,1.28,0.00,001367,57.40,不复权,正常交易,,,
2023-05-05,001367,58.500,52.810,58.500,52.810,3964833,209382830.73,10.77,-10.00,-5.87,0.00,001367,58.68,不复权,正常交易,,,
2023-05-08,001367,52.880,50.920,53.100,50.680,3563171,181436667.32,4.78,-3.58,-1.89,0.00,001367,52.81,不复权,正常交易,,,
2023-05-09,001367,51.090,51.850,52.600,50.230,2805342,145456982.70,4.72,1.83,0.93,0.00,001367,50.92,不复权,正常交易,,,
2023-05-10,001367,51.810,50.420,51.830,49.300,1936724,97649624.08,5.13,-2.76,-1.43,0.00,001367,51.85,不复权,正常交易,,,
2023-05-11,001367,50.650,49.690,50.940,49.590,1463264,72709588.16,2.72,-1.45,-0.73,0.00,001367,50.42,不复权,正常交易,,,
2023-05-12,001367,49.730,49.370,50.350,48.860,1404447,69337548.39,3.05,-0.64,-0.32,0.00,001367,49.69,不复权,正常交易,,,
2023-05-15,001367,49.190,49.850,49.880,48.930,1034659,51577751.15,1.94,0.97,0.48,0.00,001367,49.37,不复权,正常交易,,,
2023-05-16,001367,49.700,49.970,50.940,49.210,1632727,81587368.19,3.52,0.24,0.12,0.00,001367,49.85,不复权,正常交易,,,
2023-05-17,001367,50.000,50.900,51.020,49.110,2188394,111389254.60,3.89,1.86,0.93,0.00,001367,49.97,不复权,正常交易,,,
2023-05-18,001367,50.760,49.610,50.760,49.300,1799286,89262578.46,2.96,-2.53,-1.29,0.00,001367,50.90,不复权,正常交易,,,
2023-05-19,001367,49.660,50.350,50.550,48.770,1889688,95145790.80,3.65,1.49,0.74,0.00,001367,49.61,不复权,正常交易,,,
2023-05-22,001367,50.110,51.400,51.600,49.980,2064924,106137093.60,3.24,2.09,1.05,0.00,001367,50.35,不复权,正常交易,,,
2023-05-23,001367,51.620,52.050,53.830,51.600,3263240,169851642.00,4.32,1.26,0.65,0.00,001367,51.40,不复权,正常交易,,,
2023-05-24,001367,50.980,52.590,52.990,50.170,2547914,133994797.26,5.62,1.04,0.54,0.00,001367,52.05,不复权,正常交易,,,
2023-05-25,001367,52.200,51.790,52.860,50.810,2064758,106933816.82,4.03,-1.52,-0.80,0.00,001367,52.59,不复权,正常交易,,,
2023-05-26,001367,51.300,50.290,51.760,50.000,1499815,75425696.35,3.52,-2.90,-1.50,0.00,001367,51.79,不复权,正常交易,,,
2023-05-29,001367,50.270,50.570,51.000,50.000,1082291,54731455.87,2.00,0.56,0.28,0.00,001367,50.29,不复权,正常交易,,,
2023-05-30,001367,50.370,50.560,50.950,49.560,1166593,58982942.08,2.80,-0.02,-0.01,0.00,001367,50.57,不复权,正常交易,,,
2023-05-31,001367,50.200,50.210,51.790,50.020,1338578,67210001.38,3.54,-0.69,-0.35,0.00,001367,50.56,不复权,正常交易,,,
2023-06-01,001367,50.200,50.150,50.380,49.300,1022089,51257763.35,2.19,-0.12,-0.06,0.00,001367,50.21,不复权,正常交易,,,
2023-06-02,001367,50.130,50.480,50.480,49.780,889934,44923868.32,1.41,0.66,0.33,0.00,001367,50.15,不复权,正常交易,,,
2023-06-05,001367,50.480,51.380,51.670,49.920,1426140,73275073.20,3.51,1.78,0.90,0.00,001367,50.48,不复权,正常交易,,,
2023-06-06,001367,51.400,49.210,51.400,49.180,1616394,79542748.74,4.51,-4.22,-2.17,0.00,001367,51.38,不复权,正常交易,,,
2023-06-07,001367,49.000,49.530,49.800,49.000,806276,39934850.28,1.63,0.65,0.32,0.00,001367,49.21,不复权,正常交易,,,
2023-06-08,001367,49.190,47.100,49.800,46.820,1709291,80507606.10,6.36,-4.91,-2.43,0.00,001367,49.53,不复权,正常交易,,,
2023-06-09,001367,46.960,45.980,46.990,45.840,1632080,75043038.40,2.51,-2.38,-1.12,0.00,001367,47.10,不复权,正常交易,,,
2023-06-12,001367,46.030,46.640,46.780,46.020,937121,43707323.44,1.65,1.44,0.66,0.00,001367,45.98,不复权,正常交易,,,
2023-06-13,001367,46.650,46.880,47.200,46.330,821428,38508544.64,1.88,0.51,0.24,0.00,001367,46.64,不复权,正常交易,,,
2023-06-14,001367,47.000,46.530,47.110,46.440,649950,30242173.50,1.44,-0.75,-0.35,0.00,001367,46.88,不复权,正常交易,,,
2023-06-15,001367,46.550,47.180,47.180,46.500,813741,38392300.38,1.46,1.40,0.65,0.00,001367,46.53,不复权,正常交易,,,
2023-06-16,001367,47.190,47.210,47.540,47.000,633834,29923303.14,1.15,0.06,0.03,0.00,001367,47.18,不复权,正常交易,,,
2023-06-19,001367,47.400,46.830,47.400,46.600,735418,34439624.94,1.72,-0.80,-0.38,0.00,001367,47.21,不复权,正常交易,,,
2023-06-20,001367,46.820,46.150,46.820,46.110,733201,33837226.15,1.54,-1.45,-0.68,0.00,001367,46.83,不复权,正常交易,,,
2023-06-21,001367,46.140,44.990,46.410,44.880,799300,35960507.00,3.41,-2.51,-1.16,0.00,001367,46.15,不复权,正常交易,,,
2023-06-26,001367,44.940,44.010,44.990,43.880,771058,33934262.58,2.53,-2.18,-0.98,0.00,001367,44.99,不复权,正常交易,,,
2023-06-27,001367,44.010,44.520,44.770,43.880,502588,22375217.76,2.03,1.16,0.51,0.00,001367,44.01,不复权,正常交易,,,
2023-06-28,001367,44.700,44.520,44.830,43.750,578672,25762477.44,2.47,0.00,0.00,0.00,001367,44.52,不复权,正常交易,,,
2023-06-29,001367,44.530,45.290,45.590,44.120,686870,31108342.30,3.33,1.73,0.77,0.00,001367,44.52,不复权,正常交易,,,
2023-06-30,001367,45.290,45.580,45.810,45.000,478598,21814496.84,1.80,0.64,0.29,0.00,001367,45.29,不复权,正常交易,,,
2023-07-03,001367,45.580,45.590,45.960,45.220,442100,20155339.00,1.64,0.02,0.01,0.00,001367,45.58,不复权,正常交易,,,
2023-07-04,001367,45.590,45.700,46.140,45.410,458658,20960670.60,1.61,0.24,0.11,0.00,001367,45.59,不复权,正常交易,,,
2023-07-05,001367,45.600,45.720,46.050,45.300,439098,20075560.56,1.66,0.04,0.02,0.00,001367,45.70,不复权,正常交易,,,
2023-07-06,001367,45.720,45.070,45.950,45.030,515538,23235297.66,2.04,-1.42,-0.65,0.00,001367,45.72,不复权,正常交易,,,
2023-07-07,001367,44.960,46.140,47.150,44.570,1359562,62730190.68,5.79,2.37,1.07,0.00,001367,45.07,不复权,正常交易,,,
2023-07-10,001367,46.210,46.460,46.770,45.650,1323758,61501796.68,2.45,0.69,0.32,0.00,001367,46.14,不复权,正常交易,,,
2023-07-11,001367,46.200,46.600,47.530,46.200,1066388,49693680.80,2.88,0.30,0.14,0.00,001367,46.46,不复权,正常交易,,,
2023-07-12,001367,46.420,47.100,48.200,46.110,1700358,80086861.80,4.53,1.07,0.50,0.00,001367,46.60,不复权,正常交易,,,
2023-07-13,001367,47.000,46.950,47.600,46.920,1016770,47737351.50,1.45,-0.32,-0.15,0.00,001367,47.10,不复权,正常交易,,,
2023-07-14,001367,46.920,46.840,47.290,46.830,625318,29289895.12,0.98,-0.23,-0.11,0.00,001367,46.95,不复权,正常交易,,,
2023-07-17,001367,46.780,46.730,46.880,46.050,593883,27752152.59,1.80,-0.23,-0.11,0.00,001367,46.84,不复权,正常交易,,,
2023-07-18,001367,46.740,46.720,46.800,46.120,515105,24065705.60,1.47,-0.02,-0.01,0.00,001367,46.73,不复权,正常交易,,,
2023-07-19,001367,46.760,47.110,47.790,46.150,845911,39850867.21,3.55,0.83,0.39,0.00,001367,46.72,不复权,正常交易,,,
2023-07-20,001367,46.950,46.030,47.460,46.030,890759,41001636.77,3.11,-2.29,-1.08,0.00,001367,47.11,不复权,正常交易,,,
2023-07-21,001367,46.000,46.590,48.180,45.890,1534577,71495942.43,4.99,1.22,0.56,0.00,001367,46.03,不复权,正常交易,,,
2023-07-24,001367,46.100,46.080,47.270,45.830,887859,40912542.72,3.14,-1.09,-0.51,0.00,001367,46.59,不复权,正常交易,,,
2023-07-25,001367,46.490,47.070,47.080,46.220,862671,40605923.97,1.86,2.15,0.99,0.00,001367,46.08,不复权,正常交易,,,
2023-07-26,001367,47.220,46.960,47.430,46.810,594018,27895085.28,1.32,-0.23,-0.11,0.00,001367,47.07,不复权,正常交易,,,
2023-07-27,001367,46.920,45.660,47.400,45.550,887603,40527952.98,4.06,-2.77,-1.30,0.00,001367,46.96,不复权,正常交易,,,
2023-07-28,001367,45.710,45.620,45.850,44.950,757407,34552907.34,2.00,-0.09,-0.04,0.00,001367,45.66,不复权,正常交易,,,
2023-07-31,001367,45.560,47.180,48.880,45.550,1542054,72754107.72,7.31,3.42,1.56,0.00,001367,45.62,不复权,正常交易,,,
2023-08-01,001367,47.000,46.210,47.450,46.160,837186,38686365.06,2.79,-2.06,-0.97,0.00,001367,47.18,不复权,正常交易,,,
2023-08-02,001367,46.210,45.830,46.230,45.600,569800,26113934.00,1.38,-0.82,-0.38,0.00,001367,46.21,不复权,正常交易,,,
2023-08-03,001367,45.800,47.450,47.980,45.600,2027903,96223997.35,5.22,3.53,1.62,0.00,001367,45.83,不复权,正常交易,,,
2023-08-04,001367,47.020,46.170,47.290,46.100,1829567,84471108.39,2.58,-2.70,-1.28,0.00,001367,47.45,不复权,正常交易,,,
2023-08-07,001367,46.120,45.580,46.170,44.810,1522794,69408950.52,3.04,-1.28,-0.59,0.00,001367,46.17,不复权,正常交易,,,
2023-08-08,001367,46.000,46.720,47.300,45.220,1782766,83290827.52,4.60,2.50,1.14,0.00,001367,45.58,不复权,正常交易,,,
2023-08-09,001367,46.080,49.540,50.310,46.060,4977620,246591294.80,9.23,6.04,2.82,0.00,001367,46.72,不复权,正常交易,,,
2023-08-10,001367,49.500,50.090,50.980,48.460,4159015,208325061.35,5.20,1.11,0.55,0.00,001367,49.54,不复权,正常交易,,,
2023-08-11,001367,49.500,51.860,54.060,49.350,5785606,300041527.16,9.54,3.53,1.77,0.00,001367,50.09,不复权,正常交易,,,
2023-08-14,001367,50.880,50.650,53.000,49.800,3823120,193641028.00,6.43,-2.33,-1.21,0.00,001367,51.86,不复权,正常交易,,,
2023-08-15,001367,49.880,55.720,55.720,48.520,5419566,301978217.52,14.84,10.01,5.07,0.00,001367,50.65,不复权,正常交易,,,
2023-08-16,001367,56.990,53.470,56.990,52.580,7323567,391591127.49,8.39,-4.04,-2.25,0.00,001367,55.72,不复权,正常交易,,,
2023-08-17,001367,52.520,52.150,54.700,51.610,3912500,204036875.00,5.99,-2.47,-1.32,0.00,001367,53.47,不复权,正常交易,,,
2023-08-18,001367,52.260,50.750,52.490,50.750,3437407,174448405.25,3.43,-2.68,-1.40,0.00,001367,52.15,不复权,正常交易,,,
2023-08-21,001367,49.150,51.360,52.000,48.760,3092739,158843075.04,6.64,1.20,0.61,0.00,001367,50.75,不复权,正常交易,,,
2023-08-22,001367,50.250,47.020,50.500,46.230,3205391,150717484.82,9.24,-8.45,-4.34,0.00,001367,51.36,不复权,正常交易,,,
2023-08-23,001367,47.540,46.740,48.230,46.460,2031180,94937353.20,3.81,-0.60,-0.28,0.00,001367,47.02,不复权,正常交易,,,
2023-08-24,001367,46.650,44.360,46.800,43.500,2603145,115475512.20,7.59,-5.09,-2.38,0.00,001367,46.74,不复权,正常交易,,,
2023-08-25,001367,43.800,41.970,44.560,41.640,1978131,83022158.07,7.01,-5.39,-2.39,0.00,001367,44.36,不复权,正常交易,,,
2023-08-28,001367,45.990,42.280,45.990,42.000,1887038,79783966.64,9.50,0.74,0.31,0.00,001367,41.97,不复权,正常交易,,,
2023-08-29,001367,42.060,43.810,43.970,41.810,1814830,79507702.30,5.17,3.62,1.53,0.00,001367,42.28,不复权,正常交易,,,
2023-08-30,001367,43.790,44.500,44.950,43.650,1658569,73806320.50,2.98,1.57,0.69,0.00,001367,43.81,不复权,正常交易,,,
2023-08-31,001367,44.060,45.210,45.750,43.780,1791159,80978298.39,4.50,1.60,0.71,0.00,001367,44.50,不复权,正常交易,,,
2023-09-01,001367,44.800,44.980,45.450,44.290,1130100,50831898.00,2.62,-0.51,-0.23,0.00,001367,45.21,不复权,正常交易,,,
2023-09-04,001367,45.040,45.000,45.530,44.800,780072,35103240.00,1.63,0.04,0.02,0.00,001367,44.98,不复权,正常交易,,,
2023-09-05,001367,44.990,45.020,45.430,44.710,761023,34261255.46,1.61,0.04,0.02,0.00,001367,45.00,不复权,正常交易,,,
2023-09-06,001367,44.900,45.120,45.220,44.410,892929,40288956.48,1.82,0.22,0.10,0.00,001367,45.02,不复权,正常交易,,,
2023-09-07,001367,44.900,44.240,45.110,44.240,620413,27447071.12,1.97,-1.95,-0.88,0.00,001367,45.12,不复权,正常交易,,,
2023-09-08,001367,44.050,44.380,44.940,44.010,513600,22793568.00,2.11,0.32,0.14,0.00,001367,44.24,不复权,正常交易,,,
2023-09-11,001367,44.890,45.260,45.760,44.390,983947,44533441.22,3.09,1.98,0.88,0.00,001367,44.38,不复权,正常交易,,,
2023-09-12,001367,45.120,45.700,45.820,44.930,954922,43639935.40,1.98,0.97,0.44,0.00,001367,45.26,不复权,正常交易,,,
2023-09-13,001367,45.700,44.480,45.940,44.160,900500,40054240.00,4.03,-2.67,-1.22,0.00,001367,45.70,不复权,正常交易,,,
2023-09-14,001367,44.470,44.450,44.880,44.160,510448,22689413.60,1.63,-0.07,-0.03,0.00,001367,44.48,不复权,正常交易,,,
2023-09-15,001367,44.200,45.030,45.640,44.080,983679,44295065.37,3.54,1.30,0.58,0.00,001367,44.45,不复权,正常交易,,,
2023-09-18,001367,45.040,45.600,45.720,44.920,886461,40422621.60,1.78,1.27,0.57,0.00,001367,45.03,不复权,正常交易,,,
2023-09-19,001367,45.550,45.800,46.570,45.300,1066562,48848539.60,2.80,0.44,0.20,0.00,001367,45.60,不复权,正常交易,,,
2023-09-20,001367,46.080,45.310,46.300,45.030,911503,41300200.93,2.82,-1.07,-0.49,0.00,001367,45.80,不复权,正常交易,,,
2023-09-21,001367,45.310,44.860,45.520,44.600,666470,29897844.20,2.06,-0.99,-0.45,0.00,001367,45.31,不复权,正常交易,,,
2023-09-22,001367,44.420,45.180,45.390,44.360,703623,31789687.14,2.32,0.71,0.32,0.00,001367,44.86,不复权,正常交易,,,
2023-09-25,001367,45.000,45.570,45.940,45.000,796565,36299467.05,2.09,0.86,0.39,0.00,001367,45.18,不复权,正常交易,,,
2023-09-26,001367,45.570,45.200,45.970,45.200,700890,31680228.00,1.70,-0.81,-0.37,0.00,001367,45.57,不复权,正常交易,,,
2023-09-27,001367,45.010,46.290,46.650,45.010,1338032,61937501.28,3.64,2.41,1.09,0.00,001367,45.20,不复权,正常交易,,,
2023-09-28,001367,46.000,45.910,46.550,45.550,876769,40252464.79,2.20,-0.82,-0.38,0.00,001367,46.29,不复权,正常交易,,,
2023-10-09,001367,45.950,47.680,48.780,44.880,2243994,106993633.92,8.69,3.86,1.77,0.00,001367,45.91,不复权,正常交易,,,
2023-10-10,001367,47.210,45.900,47.220,45.580,1643594,75440964.60,3.60,-3.73,-1.78,0.00,001367,47.68,不复权,正常交易,,,
2023-10-11,001367,45.760,46.570,47.490,45.760,1935500,90136235.00,3.78,1.46,0.67,0.00,001367,45.90,不复权,正常交易,,,
2023-10-12,001367,46.790,46.970,48.250,46.200,1450646,68136842.62,4.44,0.86,0.40,0.00,001367,46.57,不复权,正常交易,,,
2023-10-13,001367,46.510,46.760,47.780,46.230,1216192,56869137.92,3.35,-0.45,-0.21,0.00,001367,46.97,不复权,正常交易,,,
2023-10-16,001367,46.500,45.850,47.570,45.540,1407665,64541440.25,4.46,-1.95,-0.91,0.00,001367,46.76,不复权,正常交易,,,
2023-10-17,001367,45.510,45.040,46.180,43.990,1421470,64023008.80,4.98,-1.77,-0.81,0.00,001367,45.85,不复权,正常交易,,,
2023-10-18,001367,44.910,43.270,45.060,43.270,1134437,49087088.99,4.14,-3.93,-1.77,0.00,001367,45.04,不复权,正常交易,,,
2023-10-19,001367,43.120,42.350,43.490,42.320,773691,32765813.85,2.76,-2.13,-0.92,0.00,001367,43.27,不复权,正常交易,,,
2023-10-20,001367,42.250,42.040,42.550,41.810,622332,26162837.28,1.77,-0.73,-0.31,0.00,001367,42.35,不复权,正常交易,,,
2023-10-23,001367,41.800,39.700,41.800,39.420,980615,38930415.50,6.04,-5.57,-2.34,0.00,001367,42.04,不复权,正常交易,,,
2023-10-24,001367,40.050,42.420,43.480,39.910,1556008,66005859.36,8.95,6.85,2.72,0.00,001367,39.70,不复权,正常交易,,,
2023-10-25,001367,42.200,42.680,42.940,42.140,721697,30802027.96,1.90,0.61,0.26,0.00,001367,42.42,不复权,正常交易,,,
2023-10-26,001367,42.260,42.330,42.670,41.930,493198,20877071.34,1.76,-0.82,-0.35,0.00,001367,42.68,不复权,正常交易,,,
2023-10-27,001367,42.030,43.670,44.220,41.850,954758,41694281.86,5.66,3.17,1.34,0.00,001367,42.33,不复权,正常交易,,,
2023-10-30,001367,43.920,45.850,46.380,43.920,1724481,79067453.85,5.60,4.99,2.18,0.00,001367,43.67,不复权,正常交易,,,
2023-10-31,001367,45.850,45.780,46.390,45.390,574554,26303082.12,2.20,-0.15,-0.07,0.00,001367,45.85,不复权,正常交易,,,
2023-11-01,001367,45.780,46.000,46.300,45.100,665517,30613782.00,2.66,0.48,0.22,0.00,001367,45.78,不复权,正常交易,,,
2023-11-02,001367,45.820,46.320,47.280,45.240,1480391,68571711.12,4.51,0.70,0.32,0.00,001367,46.00,不复权,正常交易,,,
2023-11-03,001367,46.790,50.950,50.950,45.640,4023779,205011540.05,11.63,10.00,4.63,0.00,001367,46.32,不复权,正常交易,,,
2023-11-06,001367,51.490,49.420,51.490,48.800,5173018,255650549.56,5.51,-3.00,-1.53,0.00,001367,50.95,不复权,正常交易,,,
2023-11-07,001367,48.860,48.190,48.860,47.380,4307600,207583244.00,3.12,-2.49,-1.23,0.00,001367,49.42,不复权,正常交易,,,
2023-11-08,001367,47.820,48.000,48.670,47.500,3089369,148289712.00,2.46,-0.39,-0.19,0.00,001367,48.19,不复权,正常交易,,,
2023-11-09,001367,47.600,46.660,48.100,46.350,2463725,114957408.50,3.78,-2.79,-1.34,0.00,001367,48.00,不复权,正常交易,,,
2023-11-10,001367,46.530,46.800,47.580,46.130,1819071,85132522.80,3.14,0.30,0.14,0.00,001367,46.66,不复权,正常交易,,,
2023-11-13,001367,46.820,47.230,47.230,46.360,1313332,62028670.36,1.88,0.92,0.43,0.00,001367,46.80,不复权,正常交易,,,
2023-11-14,001367,47.200,46.910,47.390,46.480,1173190,55034342.90,1.96,-0.68,-0.32,0.00,001367,47.23,不复权,正常交易,,,
2023-11-15,001367,47.130,47.020,47.200,46.680,1004285,47221480.70,1.11,0.23,0.11,0.00,001367,46.91,不复权,正常交易,,,
2023-11-16,001367,47.030,46.060,47.100,46.010,1306308,60168546.48,2.37,-2.04,-0.96,0.00,001367,47.02,不复权,正常交易,,,
2023-11-17,001367,46.140,46.490,46.680,46.090,1026122,47704411.78,1.28,0.93,0.43,0.00,001367,46.06,不复权,正常交易,,,
2023-11-20,001367,46.520,47.110,47.110,46.520,1287433,60650968.63,1.27,1.33,0.62,0.00,001367,46.49,不复权,正常交易,,,
2023-11-21,001367,47.110,46.710,47.470,46.620,1171224,54707873.04,1.82,-0.85,-0.40,0.00,001367,47.11,不复权,正常交易,,,
2023-11-22,001367,46.500,46.700,47.200,45.830,1452349,67824698.30,2.99,-0.02,-0.01,0.00,001367,46.71,不复权,正常交易,,,
2023-11-23,001367,46.500,47.410,48.630,46.500,2223895,105434861.95,4.58,1.52,0.71,0.00,001367,46.70,不复权,正常交易,,,
2023-11-24,001367,47.100,47.550,48.140,46.300,2036539,96837429.45,3.97,0.30,0.14,0.00,001367,47.41,不复权,正常交易,,,
2023-11-27,001367,47.610,46.600,47.650,46.500,1275816,59453025.60,2.47,-2.00,-0.95,0.00,001367,47.55,不复权,正常交易,,,
2023-11-28,001367,46.620,46.480,46.770,45.200,1111705,51672048.40,3.47,-0.26,-0.12,0.00,001367,46.60,不复权,正常交易,,,
2023-11-29,001367,46.390,45.600,46.390,45.480,1017723,46408168.80,2.00,-1.89,-0.88,0.00,001367,46.48,不复权,正常交易,,,
2023-11-30,001367,45.620,45.000,45.800,44.530,872756,39274020.00,2.85,-1.32,-0.60,0.00,001367,45.60,不复权,正常交易,,,
2023-12-01,001367,44.910,45.040,45.600,44.640,686313,30911537.52,2.15,0.09,0.04,0.00,001367,45.00,不复权,正常交易,,,
2023-12-04,001367,45.220,45.400,46.330,44.650,997165,45271291.00,3.76,0.80,0.36,0.00,001367,45.04,不复权,正常交易,,,
2023-12-05,001367,45.250,44.600,45.660,44.600,635172,28328671.20,2.38,-1.76,-0.80,0.00,001367,45.40,不复权,正常交易,,,
2023-12-06,001367,44.600,44.160,45.200,44.070,700480,30933196.80,2.56,-0.99,-0.44,0.00,001367,44.60,不复权,正常交易,,,
2023-12-07,001367,44.230,43.400,44.340,43.400,742551,32226713.40,2.17,-1.72,-0.76,0.00,001367,44.16,不复权,正常交易,,,
2023-12-08,001367,43.360,43.220,43.880,43.000,626590,27081219.80,2.05,-0.41,-0.18,0.00,001367,43.40,不复权,正常交易,,,
2023-12-11,001367,43.400,43.740,43.780,42.580,550228,24066972.72,2.82,1.20,0.52,0.00,001367,43.22,不复权,正常交易,,,
2023-12-12,001367,43.800,43.860,43.960,43.500,420661,18450191.46,1.06,0.27,0.12,0.00,001367,43.74,不复权,正常交易,,,
2023-12-13,001367,43.860,43.910,44.470,43.700,598222,26267928.02,1.76,0.11,0.05,0.00,001367,43.86,不复权,正常交易,,,
2023-12-14,001367,43.760,43.600,44.450,43.600,572417,24957381.20,1.95,-0.71,-0.31,0.00,001367,43.91,不复权,正常交易,,,
2023-12-15,001367,43.580,43.310,43.890,43.240,397205,17202948.55,1.50,-0.67,-0.29,0.00,001367,43.60,不复权,正常交易,,,
2023-12-18,001367,43.180,42.650,43.670,42.610,498382,21255992.30,2.49,-1.52,-0.66,0.00,001367,43.31,不复权,正常交易,,,
2023-12-19,001367,42.680,42.650,42.980,42.300,293605,12522253.25,1.61,0.00,0.00,0.00,001367,42.65,不复权,正常交易,,,
2023-12-20,001367,42.740,42.770,43.580,42.650,375823,16073949.71,2.18,0.28,0.12,0.00,001367,42.65,不复权,正常交易,,,
2023-12-21,001367,42.410,42.950,43.110,41.680,513479,22053923.05,3.43,0.42,0.18,0.00,001367,42.77,不复权,正常交易,,,
2023-12-22,001367,42.760,42.170,43.080,42.020,343880,14501419.60,2.52,-1.82,-0.78,0.00,001367,42.95,不复权,正常交易,,,
2023-12-25,001367,42.220,42.200,42.380,41.860,310941,13121710.20,1.24,0.07,0.03,0.00,001367,42.17,不复权,正常交易,,,
2023-12-26,001367,42.160,41.300,42.160,41.300,360983,14908597.90,2.08,-2.13,-0.90,0.00,001367,42.20,不复权,正常交易,,,
2023-12-27,001367,41.520,41.650,42.000,41.080,409198,17043096.70,2.24,0.85,0.35,0.00,001367,41.30,不复权,正常交易,,,
2023-12-28,001367,41.750,42.450,42.620,41.530,584051,24792964.95,2.62,1.92,0.80,0.00,001367,41.65,不复权,正常交易,,,
2023-12-29,001367,42.870,43.960,45.700,42.510,1438767,63248197.32,7.50,3.56,1.51,0.00,001367,42.45,不复权,正常交易,,,
2024-01-02,001367,43.900,44.320,44.350,42.270,948886,42054627.52,4.92,0.82,0.36,0.00,001367,43.96,不复权,正常交易,,,
2024-01-03,001367,44.180,44.330,44.750,44.010,757664,33587245.12,1.68,0.02,0.01,0.00,001367,44.32,不复权,正常交易,,,
2024-01-04,001367,44.320,44.640,44.680,44.040,514183,22953129.12,1.45,0.70,0.31,0.00,001367,44.33,不复权,正常交易,,,
2024-01-05,001367,44.640,44.150,44.890,43.930,516259,22792834.85,2.19,-1.10,-0.49,0.00,001367,44.64,不复权,正常交易,,,
2024-01-08,001367,44.120,43.110,44.280,43.110,463007,19960231.77,2.71,-2.36,-1.04,0.00,001367,44.15,不复权,正常交易,,,
2024-01-09,001367,43.120,42.800,43.980,42.640,449361,19232650.80,3.14,-0.72,-0.31,0.00,001367,43.11,不复权,正常交易,,,
2024-01-10,001367,42.860,42.630,43.310,42.200,437251,18640010.13,2.63,-0.40,-0.17,0.00,001367,42.80,不复权,正常交易,,,
2024-01-11,001367,42.800,43.700,44.200,42.660,649335,28375939.50,3.61,2.51,1.07,0.00,001367,42.63,不复权,正常交易,,,
2024-01-12,001367,43.670,43.920,44.960,43.230,1059590,46537192.80,4.00,0.50,0.22,0.00,001367,43.70,不复权,正常交易,,,
2024-01-15,001367,43.870,44.060,45.000,43.600,690611,30428320.66,3.21,0.32,0.14,0.00,001367,43.92,不复权,正常交易,,,
2024-01-16,001367,43.800,43.330,44.100,43.060,457188,19809956.04,2.42,-1.66,-0.73,0.00,001367,44.06,不复权,正常交易,,,
2024-01-17,001367,43.320,41.780,43.410,41.740,458295,19147565.10,4.00,-3.58,-1.55,0.00,001367,43.33,不复权,正常交易,,,
2024-01-18,001367,42.000,41.990,42.000,40.120,763532,32060708.68,4.69,0.50,0.21,0.00,001367,41.78,不复权,正常交易,,,
2024-01-19,001367,41.900,41.080,41.900,40.800,349454,14355570.32,2.70,-2.17,-0.91,0.00,001367,41.99,不复权,正常交易,,,
2024-01-22,001367,41.080,37.490,41.080,37.490,1205417,45191083.33,9.58,-8.74,-3.59,0.00,001367,41.08,不复权,正常交易,,,
2024-01-23,001367,37.490,36.840,37.490,36.360,750442,27646283.28,3.11,-1.73,-0.65,0.00,001367,37.49,不复权,正常交易,,,
2024-01-24,001367,37.010,37.110,37.490,35.650,574213,21309044.43,5.16,0.73,0.27,0.00,001367,36.84,不复权,正常交易,,,
2024-01-25,001367,37.000,39.000,39.000,36.730,850843,33182877.00,6.18,5.09,1.89,0.00,001367,37.11,不复权,正常交易,,,
2024-01-26,001367,39.000,39.760,42.720,38.570,1637529,65108153.04,10.76,1.95,0.76,0.00,001367,39.00,不复权,正常交易,,,
2024-01-29,001367,39.900,38.700,40.470,38.330,699341,27064496.70,5.58,-2.67,-1.06,0.00,001367,39.76,不复权,正常交易,,,
2024-01-30,001367,38.060,36.870,38.550,36.500,502159,18514602.33,5.62,-4.73,-1.83,0.00,001367,38.70,不复权,正常交易,,,
2024-01-31,001367,36.800,34.830,37.280,34.830,517954,18040337.82,7.03,-5.53,-2.04,0.00,001367,36.87,不复权,正常交易,,,
2024-02-01,001367,34.830,35.010,35.650,34.300,329313,11529248.13,3.94,0.52,0.18,0.00,001367,34.83,不复权,正常交易,,,
2024-02-02,001367,34.830,32.750,35.380,31.730,786987,25773824.25,11.50,-6.46,-2.26,0.00,001367,35.01,不复权,正常交易,,,
2024-02-05,001367,32.620,29.480,32.620,29.480,847413,24981735.24,10.65,-9.98,-3.27,0.00,001367,32.75,不复权,正常交易,,,
2024-02-06,001367,29.400,30.220,30.920,26.550,1035912,31305260.64,16.46,2.51,0.74,0.00,001367,29.48,不复权,正常交易,,,
2024-02-07,001367,30.120,29.280,31.050,27.930,969725,28393548.00,11.17,-3.11,-0.94,0.00,001367,30.22,不复权,正常交易,,,
2024-02-08,001367,29.290,31.020,31.450,28.840,915841,28409387.82,9.05,5.94,1.74,0.00,001367,29.28,不复权,正常交易,,,
2024-02-19,001367,31.690,32.000,32.100,31.000,871983,27903456.00,3.55,3.16,0.98,0.00,001367,31.02,不复权,正常交易,,,
2024-02-20,001367,32.000,32.320,32.980,31.340,697765,22551764.80,5.23,1.00,0.32,0.00,001367,32.00,不复权,正常交易,,,
2024-02-21,001367,32.310,32.500,33.330,31.660,943168,30652960.00,5.27,0.56,0.18,0.00,001367,32.32,不复权,正常交易,,,
2024-02-22,001367,32.500,33.240,33.270,32.300,622387,20688143.88,3.00,2.28,0.74,0.00,001367,32.50,不复权,正常交易,,,
2024-02-23,001367,33.300,33.790,33.820,32.700,716546,24212089.34,3.43,1.65,0.55,0.00,001367,33.24,不复权,正常交易,,,
2024-02-26,001367,33.880,34.650,35.190,33.680,988853,34263756.45,4.48,2.55,0.86,0.00,001367,33.79,不复权,正常交易,,,
2024-02-27,001367,34.240,36.000,36.270,34.190,949071,34166556.00,6.08,3.90,1.35,0.00,001367,34.65,不复权,正常交易,,,
2024-02-28,001367,35.930,34.770,37.490,34.580,1556770,54128892.90,8.42,-3.42,-1.23,0.00,001367,36.00,不复权,正常交易,,,
2024-02-29,001367,34.010,35.200,35.630,34.010,1051226,37003155.20,4.76,1.24,0.43,0.00,001367,34.77,不复权,正常交易,,,
2024-03-01,001367,35.180,34.820,35.180,34.410,824567,28711422.94,2.24,-1.08,-0.38,0.00,001367,35.20,不复权,正常交易,,,
2024-03-04,001367,34.850,35.030,35.460,34.330,560885,19647801.55,3.29,0.60,0.21,0.00,001367,34.82,不复权,正常交易,,,
2024-03-05,001367,34.720,33.420,34.830,33.030,1090238,36435753.96,5.45,-4.60,-1.61,0.00,001367,35.03,不复权,正常交易,,,
2024-03-06,001367,33.220,33.300,33.560,32.400,618518,20596649.40,3.58,-0.36,-0.12,0.00,001367,33.42,不复权,正常交易,,,
2024-03-07,001367,33.300,32.880,33.850,32.640,614659,20209987.92,3.71,-1.26,-0.42,0.00,001367,33.30,不复权,正常交易,,,
2024-03-08,001367,33.200,32.990,33.550,32.750,576103,19005637.97,2.44,0.33,0.11,0.00,001367,32.88,不复权,正常交易,,,
2024-03-11,001367,33.000,33.630,33.630,32.840,558236,18773476.68,2.41,1.94,0.64,0.00,001367,32.99,不复权,正常交易,,,
2024-03-12,001367,33.830,34.450,34.450,33.800,868136,29907285.20,1.92,2.44,0.82,0.00,001367,33.63,不复权,正常交易,,,
2024-03-13,001367,34.260,34.550,34.750,33.900,629011,21732330.05,2.51,0.29,0.10,0.00,001367,34.45,不复权,正常交易,,,
2024-03-14,001367,35.000,34.530,35.860,34.410,1121406,38722149.18,4.21,-0.06,-0.02,0.00,001367,34.55,不复权,正常交易,,,
2024-03-15,001367,34.280,34.780,34.820,34.280,563298,19591504.44,1.58,0.72,0.25,0.00,001367,34.53,不复权,正常交易,,,
2024-03-18,001367,34.790,35.290,35.330,34.550,565839,19968458.31,2.26,1.47,0.51,0.00,001367,34.78,不复权,正常交易,,,
2024-03-19,001367,35.010,35.160,35.510,35.010,466665,16407941.40,1.43,-0.37,-0.13,0.00,001367,35.29,不复权,正常交易,,,
2024-03-20,001367,35.240,35.490,35.530,35.000,504084,17889941.16,1.51,0.94,0.33,0.00,001367,35.16,不复权,正常交易,,,
2024-03-21,001367,35.780,35.220,35.790,34.980,591491,20832313.02,2.32,-0.76,-0.27,0.00,001367,35.49,不复权,正常交易,,,
2024-03-22,001367,35.340,34.220,35.340,34.120,586624,20074273.28,3.58,-2.84,-1.00,0.00,001367,35.22,不复权,正常交易,,,
2024-03-25,001367,33.840,33.300,34.430,33.300,485369,16162787.70,3.39,-2.69,-0.92,0.00,001367,34.22,不复权,正常交易,,,
2024-03-26,001367,32.950,32.720,33.500,32.310,544952,17830829.44,3.68,-1.74,-0.58,0.00,001367,33.30,不复权,正常交易,,,
2024-03-27,001367,32.680,33.500,34.800,32.500,1115556,37371126.00,7.08,2.38,0.78,0.00,001367,32.72,不复权,正常交易,,,
2024-03-28,001367,33.450,33.400,34.180,32.300,628938,21006529.20,5.82,-0.30,-0.10,0.00,001367,33.50,不复权,正常交易,,,
2024-03-29,001367,33.370,33.450,33.690,33.000,404320,13524504.00,2.09,0.15,0.05,0.00,001367,33.40,不复权,正常交易,,,
2024-04-01,001367,33.500,34.360,34.360,33.500,619981,21302547.16,2.57,2.72,0.91,0.00,001367,33.45,不复权,正常交易,,,
2024-04-02,001367,34.490,34.250,34.490,33.940,380582,13034933.50,1.62,-0.32,-0.11,0.00,001367,34.36,不复权,正常交易,,,
2024-04-03,001367,34.400,34.150,34.400,33.600,376396,12853923.40,2.38,-0.29,-0.10,0.00,001367,34.25,不复权,正常交易,,,
2024-04-08,001367,34.170,32.650,34.260,32.650,652440,21302166.00,4.93,-4.39,-1.50,0.00,001367,34.15,不复权,正常交易,,,
2024-04-09,001367,32.600,33.920,33.940,32.500,621374,21077006.08,4.43,3.89,1.27,0.00,001367,32.65,不复权,正常交易,,,
2024-04-10,001367,33.930,34.500,34.770,33.680,950517,32792836.50,3.24,1.71,0.58,0.00,001367,33.92,不复权,正常交易,,,
2024-04-11,001367,34.500,34.160,35.260,34.130,862919,29477313.04,3.31,-0.99,-0.34,0.00,001367,34.50,不复权,正常交易,,,
2024-04-12,001367,34.130,33.340,34.480,33.080,625475,20853336.50,4.23,-2.40,-0.82,0.00,001367,34.16,不复权,正常交易,,,
2024-04-15,001367,33.340,31.700,33.480,31.000,808949,25643683.30,8.00,-4.92,-1.64,0.00,001367,33.34,不复权,正常交易,,,
2024-04-16,001367,31.930,29.350,31.930,29.290,561507,16480230.45,9.01,-7.41,-2.35,0.00,001367,31.70,不复权,正常交易,,,
2024-04-17,001367,29.850,31.190,31.310,29.850,592473,18479232.87,4.89,6.27,1.84,0.00,001367,29.35,不复权,正常交易,,,
2024-04-18,001367,31.320,31.000,31.320,30.420,466217,14452727.00,2.96,-0.61,-0.19,0.00,001367,31.19,不复权,正常交易,,,
2024-04-19,001367,30.900,32.800,33.370,30.450,1056240,34644672.00,9.59,5.81,1.80,0.00,001367,31.00,不复权,正常交易,,,
2024-04-22,001367,32.700,32.610,33.100,32.080,515089,16797052.29,3.18,-0.58,-0.19,0.00,001367,32.80,不复权,正常交易,,,
2024-04-23,001367,33.980,33.850,34.550,33.250,1046730,35431810.50,3.91,3.80,1.24,0.00,001367,32.61,不复权,正常交易,,,
2024-04-24,001367,33.580,33.890,34.160,33.380,682283,23122570.87,2.34,0.12,0.04,0.00,001367,33.85,不复权,正常交易,,,
2024-04-25,001367,36.700,35.050,36.700,34.910,1637220,57384561.00,5.13,3.42,1.16,0.00,001367,33.89,不复权,正常交易,,,
2024-04-26,001367,34.880,35.570,35.760,34.830,1095028,38950145.96,2.67,1.48,0.52,0.00,001367,35.05,不复权,正常交易,,,
2024-04-29,001367,35.900,36.220,36.350,35.570,895291,32427440.02,2.19,1.83,0.65,0.00,001367,35.57,不复权,正常交易,,,
2024-04-30,001367,36.220,37.250,37.270,35.980,1204472,44866582.00,3.59,2.84,1.03,0.00,001367,36.22,不复权,正常交易,,,
2024-05-06,001367,38.000,37.930,38.000,37.080,1127314,42759020.02,2.48,1.83,0.68,0.00,001367,37.25,不复权,正常交易,,,
2024-05-07,001367,38.000,39.700,40.600,37.700,1937893,76934352.10,7.69,4.67,1.77,0.00,001367,37.93,不复权,正常交易,,,
2024-05-08,001367,39.300,40.700,40.860,38.640,2395641,97502588.70,5.75,2.52,1.00,0.00,001367,39.70,不复权,正常交易,,,
2024-05-09,001367,41.000,40.070,42.160,39.740,2441790,97842525.30,6.09,-1.55,-0.63,0.00,001367,40.70,不复权,正常交易,,,
2024-05-10,001367,39.790,38.900,40.400,38.740,1729845,67290970.50,4.28,-2.92,-1.17,0.00,001367,40.07,不复权,正常交易,,,
2024-05-13,001367,38.650,39.060,39.920,38.580,1054250,41179005.00,3.47,0.41,0.16,0.00,001367,38.90,不复权,正常交易,,,
2024-05-14,001367,38.900,38.710,39.550,38.600,1049660,40632338.60,2.46,-0.90,-0.35,0.00,001367,39.06,不复权,正常交易,,,
2024-05-15,001367,38.730,38.010,38.750,37.930,772954,29379981.54,2.16,-1.81,-0.70,0.00,001367,38.71,不复权,正常交易,,,
2024-05-16,001367,38.170,38.260,38.860,38.040,518110,19822888.60,2.16,0.66,0.25,0.00,001367,38.01,不复权,正常交易,,,
2024-05-17,001367,38.740,38.950,38.980,38.150,803800,31308010.00,2.18,1.80,0.69,0.00,001367,38.26,不复权,正常交易,,,
2024-05-20,001367,38.990,39.530,39.760,38.990,958682,37896699.46,1.97,1.49,0.58,0.00,001367,38.95,不复权,正常交易,,,
2024-05-21,001367,39.480,39.710,40.500,39.150,1002122,39794264.62,3.45,0.46,0.18,0.00,001367,39.53,不复权,正常交易,,,
2024-05-22,001367,39.700,40.020,40.150,39.600,619709,24800754.18,1.39,0.78,0.31,0.00,001367,39.71,不复权,正常交易,,,
2024-05-23,001367,39.890,38.850,40.190,38.650,757970,29447134.50,3.98,-2.92,-1.17,0.00,001367,40.02,不复权,正常交易,,,
2024-05-24,001367,39.280,38.430,39.420,38.430,598355,22994782.65,2.58,-1.08,-0.42,0.00,001367,38.85,不复权,正常交易,,,
2024-05-27,001367,38.450,38.850,38.850,38.160,536095,20827290.75,1.81,1.09,0.42,0.00,001367,38.43,不复权,正常交易,,,
2024-05-28,001367,38.740,38.100,38.890,37.980,506480,19296888.00,2.40,-1.93,-0.75,0.00,001367,38.85,不复权,正常交易,,,
2024-05-29,001367,38.100,38.500,38.790,38.000,470265,18105202.50,2.08,1.05,0.40,0.00,001367,38.10,不复权,正常交易,,,
2024-05-30,001367,38.490,38.410,38.760,38.050,381776,14664016.16,1.87,-0.23,-0.09,0.00,001367,38.50,不复权,正常交易,,,
2024-05-31,001367,38.500,39.180,39.270,38.350,576801,22599063.18,2.40,2.00,0.77,0.00,001367,38.41,不复权,正常交易,,,
2024-06-03,001367,38.910,38.470,39.380,38.210,535363,20595414.61,3.06,-1.81,-0.71,0.00,001367,39.18,不复权,正常交易,,,
2024-06-04,001367,38.420,37.430,38.420,37.220,704250,26360077.50,3.22,-2.70,-1.04,0.00,001367,38.47,不复权,正常交易,,,
2024-06-05,001367,37.610,36.800,37.720,36.800,480890,17696752.00,2.50,-1.68,-0.63,0.00,001367,37.43,不复权,正常交易,,,
2024-06-06,001367,36.980,35.300,37.080,35.000,730275,25778707.50,5.94,-4.08,-1.50,0.00,001367,36.80,不复权,正常交易,,,
2024-06-07,001367,35.580,36.430,36.460,35.510,531877,19376279.11,2.68,3.20,1.13,0.00,001367,35.30,不复权,正常交易,,,
2024-06-11,001367,36.740,37.780,37.900,36.570,753759,28477015.02,3.64,3.71,1.35,0.00,001367,36.43,不复权,正常交易,,,
2024-06-12,001367,37.780,38.720,38.990,37.750,695898,26945170.56,3.28,2.49,0.94,0.00,001367,37.78,不复权,正常交易,,,
2024-06-13,001367,38.720,38.800,39.290,38.320,617495,23958806.00,2.53,0.21,0.08,0.00,001367,38.72,不复权,正常交易,,,
2024-06-14,001367,38.510,38.280,39.000,38.200,574344,21985888.32,2.09,-1.34,-0.52,0.00,001367,38.80,不复权,正常交易,,,
2024-06-17,001367,38.280,38.140,38.720,38.020,705389,26903536.46,1.84,-0.37,-0.14,0.00,001367,38.28,不复权,正常交易,,,
2024-06-18,001367,25.370,25.200,25.410,24.880,1063071,26789389.20,2.13,-33.93,-12.94,0.00,001367,38.14,不复权,正常交易,,,
2024-06-19,001367,25.110,24.880,25.120,24.610,633724,15767053.12,2.07,-1.27,-0.32,0.00,001367,25.20,不复权,正常交易,,,
2024-06-20,001367,25.000,24.680,25.310,24.650,809648,19982112.64,2.68,-0.80,-0.20,0.00,001367,24.88,不复权,正常交易,,,
2024-06-21,001367,24.700,24.730,25.080,24.270,490260,12124129.80,3.34,0.20,0.05,0.00,001367,24.68,不复权,正常交易,,,
2024-06-24,001367,24.720,22.760,24.720,22.710,1560636,35520075.36,8.85,-7.97,-1.97,0.00,001367,24.73,不复权,正常交易,,,
2024-06-25,001367,22.800,22.800,23.250,22.720,797538,18183866.40,2.33,0.18,0.04,0.00,001367,22.76,不复权,正常交易,,,
2024-06-26,001367,22.810,23.700,23.750,22.810,708410,16789317.00,4.12,3.95,0.90,0.00,001367,22.80,不复权,正常交易,,,
2024-06-27,001367,23.690,23.080,23.800,23.060,711975,16432383.00,3.21,-2.62,-0.62,0.00,001367,23.70,不复权,正常交易,,,
2024-06-28,001367,23.140,23.340,23.690,23.080,629105,14683310.70,2.64,1.13,0.26,0.00,001367,23.08,不复权,正常交易,,,
2024-07-01,001367,23.130,23.580,23.610,22.990,499540,11779153.20,2.70,1.03,0.24,0.00,001367,23.34,不复权,正常交易,,,
2024-07-02,001367,23.480,23.510,23.650,23.370,467411,10988832.61,1.20,-0.30,-0.07,0.00,001367,23.58,不复权,正常交易,,,
2024-07-03,001367,23.420,23.160,23.740,23.160,390181,9036591.96,2.50,-1.49,-0.35,0.00,001367,23.51,不复权,正常交易,,,
2024-07-04,001367,23.280,22.260,23.450,22.130,702603,15639942.78,5.96,-3.89,-0.90,0.00,001367,23.16,不复权,正常交易,,,
2024-07-05,001367,22.260,23.060,23.120,21.930,801192,18475487.52,5.43,3.59,0.80,0.00,001367,22.26,不复权,正常交易,,,
2024-07-08,001367,23.120,22.380,23.120,22.210,642092,14370018.96,4.10,-2.95,-0.68,0.00,001367,23.06,不复权,正常交易,,,
2024-07-09,001367,22.530,22.740,22.800,21.960,706242,16059943.08,3.83,1.61,0.36,0.00,001367,22.38,不复权,正常交易,,,
2024-07-10,001367,22.590,22.810,22.990,22.270,523153,11933119.93,3.23,0.31,0.07,0.00,001367,22.74,不复权,正常交易,,,
2024-07-11,001367,23.230,23.430,23.490,23.010,558405,13083429.15,2.09,2.72,0.62,0.00,001367,22.81,不复权,正常交易,,,
2024-07-12,001367,23.980,23.460,23.980,23.180,509804,11960001.84,3.45,0.13,0.03,0.00,001367,23.43,不复权,正常交易,,,
2024-07-15,001367,23.420,22.790,23.470,22.730,621299,14159404.21,3.26,-2.86,-0.67,0.00,001367,23.46,不复权,正常交易,,,
2024-07-16,001367,22.990,22.630,23.100,22.480,403825,9138559.75,2.76,-0.70,-0.16,0.00,001367,22.79,不复权,正常交易,,,
2024-07-17,001367,22.610,22.360,22.760,22.330,439991,9838198.76,1.93,-1.19,-0.27,0.00,001367,22.63,不复权,正常交易,,,
2024-07-18,001367,22.300,22.470,22.540,21.960,428115,9619744.05,2.64,0.49,0.11,0.00,001367,22.36,不复权,正常交易,,,
2024-07-19,001367,22.090,22.540,22.810,22.080,373394,8416300.76,3.31,0.31,0.07,0.00,001367,22.47,不复权,正常交易,,,
2024-07-22,001367,22.460,22.620,22.790,22.410,301597,6822124.14,1.70,0.35,0.08,0.00,001367,22.54,不复权,正常交易,,,
2024-07-23,001367,22.720,22.190,22.800,22.190,476448,10572381.12,2.75,-1.90,-0.43,0.00,001367,22.62,不复权,正常交易,,,
2024-07-24,001367,22.140,21.600,22.350,21.580,503160,10868256.00,3.57,-2.66,-0.59,0.00,001367,22.19,不复权,正常交易,,,
2024-07-25,001367,21.720,21.740,22.050,21.460,481691,10471962.34,2.75,0.65,0.14,0.00,001367,21.60,不复权,正常交易,,,
2024-07-26,001367,21.830,21.930,22.110,21.670,369263,8097937.59,2.03,0.87,0.19,0.00,001367,21.74,不复权,正常交易,,,
2024-07-29,001367,21.990,21.680,21.990,21.620,378797,8212318.96,1.71,-1.14,-0.25,0.00,001367,21.93,不复权,正常交易,,,
2024-07-30,001367,21.740,21.950,22.150,21.600,372372,8173565.40,2.55,1.25,0.27,0.00,001367,21.68,不复权,正常交易,,,
2024-07-31,001367,21.950,22.610,22.650,21.870,646045,14607077.45,3.57,3.01,0.66,0.00,001367,21.95,不复权,正常交易,,,
2024-08-01,001367,22.410,22.750,22.890,22.410,659384,15000986.00,2.14,0.62,0.14,0.00,001367,22.61,不复权,正常交易,,,
2024-08-02,001367,22.610,24.050,25.030,22.570,4977397,119706397.85,10.90,5.71,1.30,0.00,001367,22.75,不复权,正常交易,,,
2024-08-05,001367,23.500,23.780,24.490,22.960,4901739,116563353.42,6.66,-1.12,-0.27,0.00,001367,24.05,不复权,正常交易,,,
2024-08-06,001367,23.560,24.710,24.860,23.270,4379703,108222461.13,6.83,3.91,0.93,0.00,001367,23.78,不复权,正常交易,,,
2024-08-07,001367,24.300,24.050,24.390,23.730,2896324,69656592.20,2.78,-2.67,-0.66,0.00,001367,24.71,不复权,正常交易,,,
2024-08-08,001367,23.960,24.540,24.840,23.760,3387575,83131090.50,4.55,2.04,0.49,0.00,001367,24.05,不复权,正常交易,,,
2024-08-09,001367,24.050,23.470,24.290,23.400,2173989,51023521.83,3.80,-4.36,-1.07,0.00,001367,24.54,不复权,正常交易,,,
2024-08-12,001367,23.330,24.140,24.600,23.270,2268165,54753503.10,5.72,2.85,0.67,0.00,001367,23.47,不复权,正常交易,,,
2024-08-13,001367,24.150,24.760,24.940,24.150,2277217,56383892.92,3.27,2.57,0.62,0.00,001367,24.14,不复权,正常交易,,,
2024-08-14,001367,24.580,24.400,24.650,24.070,1191078,29062303.20,2.41,-1.45,-0.36,0.00,001367,24.76,不复权,正常交易,,,
2024-08-15,001367,24.270,24.480,24.700,24.000,1201783,29419647.84,2.92,0.33,0.08,0.00,001367,24.40,不复权,正常交易,,,
2024-08-16,001367,24.600,24.830,24.880,24.200,1590357,39488564.31,2.81,1.43,0.35,0.00,001367,24.48,不复权,正常交易,,,
2024-08-19,001367,24.830,24.220,25.200,24.210,1257327,30452459.94,4.09,-2.46,-0.61,0.00,001367,24.83,不复权,正常交易,,,
2024-08-20,001367,24.170,23.990,24.390,23.830,897644,21534479.56,2.35,-0.95,-0.23,0.00,001367,24.22,不复权,正常交易,,,
2024-08-21,001367,23.950,23.740,24.060,23.640,528876,12555516.24,1.78,-1.04,-0.25,0.00,001367,23.99,不复权,正常交易,,,
2024-08-22,001367,23.800,23.630,23.970,23.380,766115,18103297.45,2.52,-0.46,-0.11,0.00,001367,23.74,不复权,正常交易,,,
2024-08-23,001367,23.630,22.480,23.730,22.360,1147225,25789618.00,6.13,-4.87,-1.15,0.00,001367,23.63,不复权,正常交易,,,
2024-08-26,001367,22.480,23.160,23.200,22.230,795491,18423571.56,4.36,3.02,0.68,0.00,001367,22.48,不复权,正常交易,,,
2024-08-27,001367,23.250,23.830,23.980,22.940,1110469,26462476.27,4.53,2.89,0.67,0.00,001367,23.16,不复权,正常交易,,,
2024-08-28,001367,23.630,23.770,24.350,23.400,984484,23401184.68,4.06,-0.25,-0.06,0.00,001367,23.83,不复权,正常交易,,,
2024-08-29,001367,23.530,23.610,23.770,23.410,681576,16092009.36,1.54,-0.67,-0.16,0.00,001367,23.77,不复权,正常交易,,,
2024-08-30,001367,23.480,23.630,23.950,23.420,1119600,26456148.00,2.26,0.08,0.02,0.00,001367,23.61,不复权,正常交易,,,
2024-09-02,001367,23.410,23.440,23.820,23.310,753584,17664008.96,2.19,-0.80,-0.19,0.00,001367,23.63,不复权,正常交易,,,
2024-09-03,001367,23.240,23.770,23.880,23.200,706351,16789963.27,2.93,1.41,0.33,0.00,001367,23.44,不复权,正常交易,,,
2024-09-04,001367,23.770,23.760,24.320,23.520,875720,20807107.20,3.40,-0.04,-0.01,0.00,001367,23.77,不复权,正常交易,,,
2024-09-05,001367,23.580,23.910,23.990,23.580,489568,11705570.88,1.74,0.63,0.15,0.00,001367,23.76,不复权,正常交易,,,
2024-09-06,001367,23.910,23.810,24.090,23.610,600041,14286976.21,2.03,-0.42,-0.10,0.00,001367,23.91,不复权,正常交易,,,
2024-09-09,001367,23.800,24.300,24.850,23.620,1462467,35537948.10,5.21,2.06,0.49,0.00,001367,23.81,不复权,正常交易,,,
2024-09-10,001367,24.330,24.430,24.520,23.900,1005077,24554031.11,2.59,0.53,0.13,0.00,001367,24.30,不复权,正常交易,,,
2024-09-11,001367,24.360,24.720,24.790,24.100,1019912,25212224.64,2.86,1.19,0.29,0.00,001367,24.43,不复权,正常交易,,,
2024-09-12,001367,24.720,25.410,25.760,24.600,1901559,48318614.19,4.72,2.79,0.69,0.00,001367,24.72,不复权,正常交易,,,
2024-09-13,001367,25.220,24.880,25.420,24.770,1265382,31482704.16,2.62,-2.09,-0.53,0.00,001367,25.41,不复权,正常交易,,,
2024-09-18,001367,24.800,24.510,25.110,24.350,890585,21828238.35,3.12,-1.49,-0.37,0.00,001367,24.88,不复权,正常交易,,,
2024-09-19,001367,24.430,24.780,25.220,24.180,1124568,27866795.04,4.30,1.10,0.27,0.00,001367,24.51,不复权,正常交易,,,
2024-09-20,001367,24.930,24.770,24.980,24.580,733043,18157475.11,1.63,-0.04,-0.01,0.00,001367,24.78,不复权,正常交易,,,
2024-09-23,001367,24.680,24.490,25.160,24.000,926876,22699193.24,4.83,-1.13,-0.28,0.00,001367,24.77,不复权,正常交易,,,
2024-09-24,001367,24.490,25.100,25.100,24.280,959073,24072732.30,3.38,2.49,0.61,0.00,001367,24.49,不复权,正常交易,,,
2024-09-25,001367,25.110,25.130,25.600,25.020,1164107,29254008.91,2.32,0.12,0.03,0.00,001367,25.10,不复权,正常交易,,,
2024-09-26,001367,25.230,25.840,25.850,24.920,1665511,43036804.24,3.73,2.83,0.71,0.00,001367,25.13,不复权,正常交易,,,
2024-09-27,001367,25.880,27.390,27.580,25.880,2138838,58582772.82,6.57,6.00,1.55,0.00,001367,25.84,不复权,正常交易,,,
2024-09-30,001367,28.030,29.910,30.130,27.650,3649999,109171470.09,8.97,9.20,2.52,0.00,001367,27.39,不复权,正常交易,,,
2024-10-08,001367,32.900,32.060,32.900,29.910,4516378,144795078.68,10.00,7.19,2.15,0.00,001367,29.91,不复权,正常交易,,,
2024-10-09,001367,31.000,30.870,32.480,30.340,3121433,96358636.71,7.05,-3.71,-1.19,0.00,001367,32.06,不复权,正常交易,,,
2024-10-10,001367,31.370,30.330,31.430,30.210,2045815,62049568.95,4.04,-1.75,-0.54,0.00,001367,30.87,不复权,正常交易,,,
2024-10-11,001367,30.330,28.730,30.480,28.530,1709597,49116721.81,6.83,-5.28,-1.60,0.00,001367,30.33,不复权,正常交易,,,
2024-10-14,001367,29.020,30.380,30.860,28.730,1905361,57884867.18,7.41,5.74,1.65,0.00,001367,28.73,不复权,正常交易,,,
2024-10-15,001367,30.550,31.120,31.990,30.220,2355993,73318502.16,5.86,2.44,0.74,0.00,001367,30.38,不复权,正常交易,,,
2024-10-16,001367,30.710,30.680,31.320,30.420,1191167,36545003.56,2.96,-1.41,-0.44,0.00,001367,31.12,不复权,正常交易,,,
2024-10-17,001367,30.820,31.430,32.260,30.700,1817314,57118179.02,5.08,2.44,0.75,0.00,001367,30.68,不复权,正常交易,,,
2024-10-18,001367,31.120,31.480,31.690,30.820,2183459,68735289.32,2.82,0.16,0.05,0.00,001367,31.43,不复权,正常交易,,,
2024-10-21,001367,31.520,31.830,31.990,30.620,2384925,75912162.75,4.47,1.11,0.35,0.00,001367,31.48,不复权,正常交易,,,
2024-10-22,001367,31.780,33.160,33.310,31.560,2692576,89285820.16,5.54,4.18,1.33,0.00,001367,31.83,不复权,正常交易,,,
2024-10-23,001367,33.150,32.500,33.200,32.260,1841458,59847385.00,2.91,-1.99,-0.66,0.00,001367,33.16,不复权,正常交易,,,
2024-10-24,001367,32.510,31.800,33.140,31.650,1258413,40017533.40,4.71,-2.15,-0.70,0.00,001367,32.50,不复权,正常交易,,,
2024-10-25,001367,31.750,32.150,32.770,31.720,1287635,41397465.25,3.31,1.10,0.35,0.00,001367,31.80,不复权,正常交易,,,
2024-10-28,001367,32.000,31.080,32.200,30.700,1894696,58887151.68,4.89,-3.33,-1.07,0.00,001367,32.15,不复权,正常交易,,,
2024-10-29,001367,31.200,30.680,31.600,30.540,1318072,40438448.96,3.47,-1.29,-0.40,0.00,001367,31.08,不复权,正常交易,,,
2024-10-30,001367,30.560,30.420,31.040,30.050,1140563,34695926.46,3.29,-0.85,-0.26,0.00,001367,30.68,不复权,正常交易,,,
2024-10-31,001367,30.490,30.050,30.750,29.880,1178468,35412963.40,2.91,-1.22,-0.37,0.00,001367,30.42,不复权,正常交易,,,
2024-11-01,001367,30.060,29.270,30.130,29.080,1414590,41405049.30,3.61,-2.60,-0.78,0.00,001367,30.05,不复权,正常交易,,,
2024-11-04,001367,29.290,29.650,29.680,29.090,1206435,35770797.75,2.03,1.30,0.38,0.00,001367,29.27,不复权,正常交易,,,
2024-11-05,001367,29.660,29.500,29.660,29.000,2199819,64894660.50,2.28,-0.51,-0.15,0.00,001367,29.65,不复权,正常交易,,,
2024-11-06,001367,29.600,29.790,30.440,29.380,1796682,53523156.78,3.61,0.98,0.29,0.00,001367,29.50,不复权,正常交易,,,
2024-11-07,001367,29.700,30.110,30.260,29.300,1524344,45897997.84,3.28,1.07,0.32,0.00,001367,29.79,不复权,正常交易,,,
2024-11-08,001367,30.350,30.240,30.660,30.140,1416577,42837288.48,1.73,0.43,0.13,0.00,001367,30.11,不复权,正常交易,,,
2024-11-11,001367,29.900,31.020,31.600,29.900,3696585,114668066.70,5.69,2.58,0.78,0.00,001367,30.24,不复权,正常交易,,,
2024-11-12,001367,31.020,31.200,32.000,30.700,3243608,101200569.60,4.23,0.58,0.18,0.00,001367,31.02,不复权,正常交易,,,
2024-11-13,001367,31.190,30.580,31.390,29.880,1627303,49762925.74,5.05,-1.99,-0.62,0.00,001367,31.20,不复权,正常交易,,,
2024-11-14,001367,30.400,29.630,30.480,29.600,1190198,35265566.74,2.97,-3.11,-0.95,0.00,001367,30.58,不复权,正常交易,,,
2024-11-15,001367,29.420,28.340,29.730,28.330,1858715,52675983.10,4.94,-4.35,-1.29,0.00,001367,29.63,不复权,正常交易,,,
2024-11-18,001367,28.580,27.800,29.140,27.620,1619777,45029800.60,5.50,-1.91,-0.54,0.00,001367,28.34,不复权,正常交易,,,
2024-11-19,001367,28.060,28.150,28.280,27.670,929939,26177782.85,2.20,1.26,0.35,0.00,001367,27.80,不复权,正常交易,,,
2024-11-20,001367,28.210,28.450,28.580,28.040,1116906,31775975.70,1.93,1.07,0.30,0.00,001367,28.15,不复权,正常交易,,,
2024-11-21,001367,28.420,28.300,28.550,27.980,1095510,31002933.00,2.04,-0.53,-0.15,0.00,001367,28.45,不复权,正常交易,,,
2024-11-22,001367,28.350,27.030,28.360,27.000,1216527,32882724.81,5.04,-4.49,-1.27,0.00,001367,28.30,不复权,正常交易,,,
2024-11-25,001367,27.080,27.530,27.600,27.000,1001597,27573965.41,2.22,1.85,0.50,0.00,001367,27.03,不复权,正常交易,,,
2024-11-26,001367,27.570,27.640,28.230,27.510,718902,19870451.28,2.62,0.40,0.11,0.00,001367,27.53,不复权,正常交易,,,
2024-11-27,001367,27.640,27.520,27.650,26.630,1000156,27524293.12,3.83,-0.43,-0.12,0.00,001367,27.64,不复权,正常交易,,,
2024-11-28,001367,27.500,27.540,27.710,27.400,635676,17506517.04,1.13,0.07,0.02,0.00,001367,27.52,不复权,正常交易,,,
2024-11-29,001367,27.680,27.830,27.920,27.320,839192,23354713.36,2.20,1.05,0.29,0.00,001367,27.54,不复权,正常交易,,,
2024-12-02,001367,27.960,28.140,28.240,27.900,739397,20806631.58,1.22,1.11,0.31,0.00,001367,27.83,不复权,正常交易,,,
2024-12-03,001367,28.170,28.160,28.320,27.900,809156,22785832.96,1.51,0.07,0.02,0.00,001367,28.14,不复权,正常交易,,,
2024-12-04,001367,28.190,27.690,28.210,27.600,724748,20068272.12,2.21,-1.67,-0.47,0.00,001367,28.16,不复权,正常交易,,,
2024-12-05,001367,27.600,28.150,28.150,27.410,775495,21830184.25,2.70,1.66,0.46,0.00,001367,27.69,不复权,正常交易,,,
2024-12-06,001367,28.300,28.220,28.320,27.900,795306,22443535.32,1.51,0.25,0.07,0.00,001367,28.15,不复权,正常交易,,,
2024-12-09,001367,28.290,29.210,29.270,28.060,1634861,47754289.81,4.31,3.51,0.99,0.00,001367,28.22,不复权,正常交易,,,
2024-12-10,001367,29.850,29.390,29.850,29.210,2289032,67274650.48,2.19,0.62,0.18,0.00,001367,29.21,不复权,正常交易,,,
2024-12-11,001367,29.950,29.120,29.950,28.940,1798966,52385889.92,3.49,-0.92,-0.27,0.00,001367,29.39,不复权,正常交易,,,
2024-12-12,001367,29.680,29.750,29.840,29.000,2303900,68541025.00,2.90,2.16,0.63,0.00,001367,29.12,不复权,正常交易,,,
2024-12-13,001367,29.670,29.180,30.440,29.130,2032700,59314186.00,4.50,-1.92,-0.57,0.00,001367,29.75,不复权,正常交易,,,
2024-12-16,001367,29.100,29.900,29.970,28.920,2107517,63014758.30,3.63,2.47,0.72,0.00,001367,29.18,不复权,正常交易,,,
2024-12-17,001367,29.890,29.060,29.950,28.750,1465648,42591730.88,4.17,-2.81,-0.84,0.00,001367,29.90,不复权,正常交易,,,
2024-12-18,001367,29.150,30.190,30.300,28.650,2448218,73911701.42,5.76,3.89,1.13,0.00,001367,29.06,不复权,正常交易,,,
2024-12-19,001367,30.000,30.920,30.950,29.750,2319205,71709818.60,4.03,2.42,0.73,0.00,001367,30.19,不复权,正常交易,,,
2024-12-20,001367,31.000,29.710,31.320,29.660,4196241,124670320.11,5.60,-3.91,-1.21,0.00,001367,30.92,不复权,正常交易,,,
2024-12-23,001367,29.670,28.560,29.880,28.560,1365770,39006391.20,4.62,-3.87,-1.15,0.00,001367,29.71,不复权,正常交易,,,
2024-12-24,001367,28.550,29.070,29.090,28.260,913842,26565386.94,2.94,1.79,0.51,0.00,001367,28.56,不复权,正常交易,,,
2024-12-25,001367,29.080,28.370,29.300,28.000,1412533,40073561.21,4.64,-2.41,-0.70,0.00,001367,29.07,不复权,正常交易,,,
2024-12-26,001367,28.370,27.940,28.540,27.750,1622320,45327620.80,2.85,-1.52,-0.43,0.00,001367,28.37,不复权,正常交易,,,
2024-12-27,001367,27.930,28.170,28.370,27.710,869492,24493589.64,2.38,0.82,0.23,0.00,001367,27.94,不复权,正常交易,,,
2024-12-30,001367,27.890,27.790,28.280,27.690,575054,15980750.66,2.13,-1.35,-0.38,0.00,001367,28.17,不复权,正常交易,,,
2024-12-31,001367,27.980,27.240,27.980,26.880,1058577,28835637.48,4.09,-1.98,-0.55,0.00,001367,27.79,不复权,正常交易,,,
2025-01-02,001367,27.100,27.160,28.120,26.960,1201484,32632305.44,4.30,-0.29,-0.08,0.00,001367,27.24,不复权,正常交易,,,
2025-01-03,001367,27.030,26.850,27.670,26.770,815980,21909063.00,3.36,-1.14,-0.31,0.00,001367,27.16,不复权,正常交易,,,
2025-01-06,001367,26.900,26.660,27.300,26.370,882406,23524943.96,3.53,-0.71,-0.19,0.00,001367,26.85,不复权,正常交易,,,
2025-01-07,001367,26.660,26.680,26.770,26.140,1027949,27425679.32,2.41,0.08,0.02,0.00,001367,26.66,不复权,正常交易,,,
2025-01-08,001367,26.400,26.400,26.790,25.840,810329,21392685.60,3.68,-1.05,-0.28,0.00,001367,26.68,不复权,正常交易,,,
2025-01-09,001367,26.400,26.450,26.770,26.060,496696,13137609.20,2.72,0.19,0.05,0.00,001367,26.40,不复权,正常交易,,,
2025-01-10,001367,26.450,25.550,26.530,25.550,666736,17035104.80,3.84,-3.40,-0.90,0.00,001367,26.45,不复权,正常交易,,,
2025-01-13,001367,25.350,25.120,25.480,24.800,568681,14285266.72,2.74,-1.68,-0.43,0.00,001367,25.55,不复权,正常交易,,,
2025-01-14,001367,25.360,25.940,25.950,25.020,937477,24318153.38,3.72,3.26,0.82,0.00,001367,25.12,不复权,正常交易,,,
2025-01-15,001367,25.940,25.790,26.250,25.710,555941,14337718.39,2.10,-0.58,-0.15,0.00,001367,25.94,不复权,正常交易,,,
2025-01-16,001367,25.810,25.990,26.220,25.610,439808,11430609.92,2.38,0.78,0.20,0.00,001367,25.79,不复权,正常交易,,,
2025-01-17,001367,25.990,26.180,26.320,25.560,566456,14829818.08,2.97,0.73,0.19,0.00,001367,25.99,不复权,正常交易,,,
2025-01-20,001367,26.330,26.750,26.910,26.020,665180,17793565.00,3.42,2.18,0.57,0.00,001367,26.18,不复权,正常交易,,,
2025-01-21,001367,26.900,26.690,26.970,26.360,426956,11395455.64,2.31,-0.22,-0.06,0.00,001367,26.75,不复权,正常交易,,,
2025-01-22,001367,26.780,26.530,26.900,26.400,473588,12564289.64,1.89,-0.60,-0.16,0.00,001367,26.69,不复权,正常交易,,,
2025-01-23,001367,26.730,26.660,27.060,26.600,492336,13125677.76,1.73,0.49,0.13,0.00,001367,26.53,不复权,正常交易,,,
2025-01-24,001367,26.550,26.730,26.800,26.420,488612,13060598.76,1.44,0.26,0.07,0.00,001367,26.66,不复权,正常交易,,,
2025-01-27,001367,26.670,26.990,27.320,26.670,604551,16316831.49,2.44,0.97,0.26,0.00,001367,26.73,不复权,正常交易,,,
2025-02-05,001367,27.030,26.470,27.260,26.120,1052717,27865418.99,4.36,-1.93,-0.52,0.00,001367,26.99,不复权,正常交易,,,
2025-02-06,001367,26.480,26.740,26.760,26.270,636732,17026213.68,1.87,1.02,0.27,0.00,001367,26.47,不复权,正常交易,,,
2025-02-07,001367,26.740,27.010,27.230,26.740,787701,21275804.01,1.83,1.01,0.27,0.00,001367,26.74,不复权,正常交易,,,
2025-02-10,001367,27.000,27.270,27.380,26.890,704737,19218177.99,1.82,0.96,0.26,0.00,001367,27.01,不复权,正常交易,,,
2025-02-11,001367,27.220,27.250,27.430,26.520,821409,22383395.25,3.43,-0.07,-0.02,0.00,001367,27.27,不复权,正常交易,,,
2025-02-12,001367,27.200,27.360,27.450,26.900,762597,20864653.92,2.04,0.40,0.11,0.00,001367,27.25,不复权,正常交易,,,
2025-02-13,001367,27.350,26.850,27.350,26.800,590852,15864376.20,2.05,-1.86,-0.51,0.00,001367,27.36,不复权,正常交易,,,
2025-02-14,001367,26.800,26.660,27.150,26.580,1109414,29576977.24,2.14,-0.71,-0.19,0.00,001367,26.85,不复权,正常交易,,,
2025-02-17,001367,26.860,27.010,27.280,26.500,1024743,27678308.43,2.94,1.31,0.35,0.00,001367,26.66,不复权,正常交易,,,
2025-02-18,001367,27.010,26.480,27.140,26.380,1098512,29088597.76,2.88,-1.96,-0.53,0.00,001367,27.01,不复权,正常交易,,,
2025-02-19,001367,26.400,26.550,27.100,26.300,1444571,38353360.05,3.04,0.26,0.07,0.00,001367,26.48,不复权,正常交易,,,
2025-02-20,001367,26.510,26.510,26.790,26.430,946801,25099694.51,1.36,-0.15,-0.04,0.00,001367,26.55,不复权,正常交易,,,
2025-02-21,001367,26.500,26.980,27.270,26.230,1454633,39245998.34,3.96,1.77,0.47,0.00,001367,26.51,不复权,正常交易,,,
2025-02-24,001367,26.880,26.590,27.070,26.500,1153988,30684540.92,2.15,-1.45,-0.39,0.00,001367,26.98,不复权,正常交易,,,
2025-02-25,001367,26.590,26.430,27.170,26.160,2017079,53311397.97,3.86,-0.60,-0.16,0.00,001367,26.59,不复权,正常交易,,,
2025-02-26,001367,26.430,27.170,27.230,26.330,1829827,49716399.59,3.42,2.80,0.74,0.00,001367,26.43,不复权,正常交易,,,
2025-02-27,001367,27.150,28.060,28.210,27.010,2575132,72258203.92,4.44,3.28,0.89,0.00,001367,27.17,不复权,正常交易,,,
2025-02-28,001367,28.060,28.050,28.480,27.860,1799262,50469299.10,2.23,-0.04,-0.01,0.00,001367,28.06,不复权,正常交易,,,
2025-03-03,001367,27.910,28.570,28.670,27.910,1771284,50605583.88,2.72,1.85,0.52,0.00,001367,28.05,不复权,正常交易,,,
2025-03-04,001367,28.670,28.580,28.670,28.080,1419510,40569595.80,2.10,0.04,0.01,0.00,001367,28.57,不复权,正常交易,,,
2025-03-05,001367,28.450,28.730,28.820,28.370,1137412,32677846.76,1.59,0.52,0.15,0.00,001367,28.58,不复权,正常交易,,,
2025-03-06,001367,28.590,28.720,28.900,28.540,1305844,37503839.68,1.26,-0.03,-0.01,0.00,001367,28.73,不复权,正常交易,,,
2025-03-07,001367,28.650,29.450,29.470,28.570,1953700,57536465.00,3.15,2.54,0.73,0.00,001367,28.72,不复权,正常交易,,,
2025-03-10,001367,29.470,27.710,30.080,27.620,6005553,166413873.63,8.91,-5.91,-1.74,0.00,001367,29.45,不复权,正常交易,,,
2025-03-11,001367,27.300,27.200,27.490,26.770,2580136,70179699.20,2.69,-1.84,-0.51,0.00,001367,27.71,不复权,正常交易,,,
2025-03-12,001367,27.140,26.880,27.140,26.700,2354728,63295088.64,1.65,-1.18,-0.32,0.00,001367,27.20,不复权,正常交易,,,
2025-03-13,001367,26.880,26.990,27.040,26.720,1175266,31720429.34,1.20,0.41,0.11,0.00,001367,26.88,不复权,正常交易,,,
2025-03-14,001367,26.970,27.180,27.250,26.810,1436764,39051245.52,1.64,0.70,0.19,0.00,001367,26.99,不复权,正常交易,,,
2025-03-17,001367,27.200,27.450,28.000,27.110,1837425,50437316.25,3.28,0.99,0.27,0.00,001367,27.18,不复权,正常交易,,,
2025-03-18,001367,27.440,27.760,27.770,27.300,1005597,27915372.72,1.72,1.13,0.31,0.00,001367,27.45,不复权,正常交易,,,
2025-03-19,001367,27.740,27.900,28.380,27.660,1375948,38388949.20,2.60,0.50,0.14,0.00,001367,27.76,不复权,正常交易,,,
2025-03-20,001367,27.800,27.660,28.000,27.630,906834,25083028.44,1.34,-0.86,-0.24,0.00,001367,27.90,不复权,正常交易,,,
2025-03-21,001367,27.660,27.380,27.950,27.280,835052,22863723.76,2.46,-1.01,-0.28,0.00,001367,27.66,不复权,正常交易,,,
2025-03-24,001367,27.380,26.880,27.590,26.460,922872,24806799.36,4.27,-1.83,-0.50,0.00,001367,27.38,不复权,正常交易,,,
2025-03-25,001367,27.040,26.970,27.170,26.680,581640,15686830.80,1.84,0.33,0.09,0.00,001367,26.88,不复权,正常交易,,,
2025-03-26,001367,27.320,27.760,27.850,26.470,1062277,29488809.52,5.21,2.93,0.79,0.00,001367,26.97,不复权,正常交易,,,
2025-03-27,001367,27.650,28.050,28.150,27.270,1494982,41934245.10,3.23,1.04,0.29,0.00,001367,27.76,不复权,正常交易,,,
2025-03-28,001367,29.490,28.350,29.500,28.150,3770179,106884574.65,4.80,1.07,0.30,0.00,001367,28.05,不复权,正常交易,,,
2025-03-31,001367,28.130,27.900,28.480,27.580,2266136,63225194.40,3.26,-1.59,-0.45,0.00,001367,28.35,不复权,正常交易,,,
2025-04-01,001367,27.910,28.940,29.400,27.910,3620316,104771945.04,5.34,3.73,1.04,0.00,001367,27.90,不复权,正常交易,,,
2025-04-02,001367,28.810,28.810,29.390,28.650,1789046,51542415.26,2.58,-0.45,-0.13,0.00,001367,28.94,不复权,正常交易,,,
2025-04-03,001367,28.680,29.050,29.480,28.650,2117813,61522467.65,2.90,0.83,0.24,0.00,001367,28.81,不复权,正常交易,,,
2025-04-07,001367,27.480,26.150,28.100,26.150,2180184,57011811.60,7.46,-9.98,-2.90,0.00,001367,29.05,不复权,正常交易,,,
2025-04-08,001367,26.140,25.270,26.390,24.700,2525020,63807255.40,6.84,-3.37,-0.88,0.00,001367,26.15,不复权,正常交易,,,
2025-04-09,001367,24.990,25.520,25.680,23.230,1800436,45947126.72,10.55,0.99,0.25,0.00,001367,25.27,不复权,正常交易,,,
2025-04-10,001367,25.700,26.410,26.550,25.700,1789112,47250447.92,3.31,3.49,0.89,0.00,001367,25.52,不复权,正常交易,,,
2025-04-11,001367,26.120,26.560,26.740,26.120,937132,24890225.92,2.37,0.57,0.15,0.00,001367,26.41,不复权,正常交易,,,
2025-04-14,001367,26.660,26.970,27.430,26.640,1118625,30169316.25,2.97,1.54,0.41,0.00,001367,26.56,不复权,正常交易,,,
2025-04-15,001367,26.950,27.160,27.430,26.630,1236437,33581628.92,3.00,0.70,0.19,0.00,001367,26.97,不复权,正常交易,,,
2025-04-16,001367,27.000,26.620,27.140,26.160,1013610,26982298.20,3.75,-1.99,-0.54,0.00,001367,27.16,不复权,正常交易,,,
2025-04-17,001367,26.620,27.230,27.590,26.410,1236157,33660555.11,4.47,2.29,0.61,0.00,001367,26.62,不复权,正常交易,,,
2025-04-18,001367,27.590,27.130,27.750,26.810,999383,27113260.79,3.51,-0.37,-0.10,0.00,001367,27.23,不复权,正常交易,,,
2025-04-21,001367,26.920,27.740,27.760,26.920,1010300,28025722.00,3.12,2.25,0.61,0.00,001367,27.13,不复权,正常交易,,,
2025-04-22,001367,27.340,28.010,28.180,27.340,988416,27685532.16,3.07,0.97,0.27,0.00,001367,27.74,不复权,正常交易,,,
2025-04-23,001367,30.810,30.810,30.810,30.810,1698381,52327118.61,0.00,10.00,2.80,0.00,001367,28.01,不复权,正常交易,,,
2025-04-24,001367,31.610,29.310,31.610,28.800,7090182,207813234.42,9.76,-4.87,-1.50,0.00,001367,30.81,不复权,正常交易,,,
2025-04-25,001367,29.290,32.240,32.240,28.530,7163528,230952142.72,13.00,10.00,2.93,0.00,001367,29.31,不复权,正常交易,,,
2025-04-28,001367,30.500,30.290,30.850,29.220,7461555,226010500.95,5.58,-6.05,-1.95,0.00,001367,32.24,不复权,正常交易,,,
2025-04-29,001367,29.990,29.010,29.990,28.880,4859913,140986076.13,3.84,-4.23,-1.28,0.00,001367,30.29,不复权,正常交易,,,
2025-04-30,001367,28.610,29.120,29.280,28.610,3038074,88468714.88,2.34,0.38,0.11,0.00,001367,29.01,不复权,正常交易,,,
2025-05-06,001367,29.120,29.520,29.530,29.000,3016268,89040231.36,1.83,1.37,0.40,0.00,001367,29.12,不复权,正常交易,,,
2025-05-07,001367,29.630,29.350,29.890,29.010,3012708,88422979.80,3.03,-0.58,-0.17,0.00,001367,29.52,不复权,正常交易,,,
2025-05-08,001367,29.210,29.880,29.900,29.110,2603155,77782271.40,2.71,1.81,0.53,0.00,001367,29.35,不复权,正常交易,,,
2025-05-09,001367,29.890,29.580,30.110,29.400,1682479,49767728.82,2.41,-1.00,-0.30,0.00,001367,29.88,不复权,正常交易,,,
2025-05-12,001367,29.700,29.600,29.700,29.250,1323372,39171811.20,1.54,0.07,0.02,0.00,001367,29.58,不复权,正常交易,,,
2025-05-13,001367,30.110,29.960,30.550,29.920,2739729,82082280.84,2.11,1.22,0.36,0.00,001367,29.60,不复权,正常交易,,,
2025-05-14,001367,29.960,29.830,30.050,29.400,1793076,53487457.08,2.21,-0.43,-0.13,0.00,001367,29.96,不复权,正常交易,,,
2025-05-15,001367,29.800,30.180,30.330,29.630,1966281,59342360.58,2.36,1.17,0.35,0.00,001367,29.83,不复权,正常交易,,,
2025-05-16,001367,30.130,30.390,30.490,29.880,2375210,72182631.90,2.04,0.70,0.21,0.00,001367,30.18,不复权,正常交易,,,
2025-05-19,001367,30.460,30.010,30.570,29.950,1524904,45762369.04,2.07,-1.25,-0.38,0.00,001367,30.39,不复权,正常交易,,,
2025-05-20,001367,20.250,20.080,20.460,20.040,2983028,59899202.24,2.10,-33.09,-9.93,0.00,001367,30.01,不复权,正常交易,,,
2025-05-21,001367,20.050,20.700,21.380,20.010,5620684,116348158.80,6.85,3.09,0.62,0.00,001367,20.08,不复权,正常交易,,,
2025-05-22,001367,20.980,22.770,22.770,20.980,8542355,194509423.35,8.53,10.00,2.07,0.00,001367,20.70,不复权,正常交易,,,
2025-05-23,001367,25.050,25.050,25.050,25.050,1706718,42753285.90,0.00,10.01,2.28,0.00,001367,22.77,不复权,正常交易,,,
2025-05-26,001367,26.590,25.800,27.560,25.100,24034191,620082127.80,9.80,2.99,0.75,0.00,001367,25.05,不复权,正常交易,,,
2025-05-27,001367,23.740,23.940,25.600,23.650,18664779,446834809.26,8.25,-7.21,-1.86,0.00,001367,25.80,不复权,正常交易,,,
2025-05-28,001367,23.020,22.150,23.230,22.120,14127118,312915663.70,5.02,-7.48,-1.79,0.00,001367,23.94,不复权,正常交易,,,
2025-05-29,001367,22.360,22.550,22.790,21.960,10157607,229054037.85,3.78,1.81,0.40,0.00,001367,22.15,不复权,正常交易,,,
2025-05-30,001367,22.040,22.080,22.800,21.930,7572532,167201506.56,3.97,-2.08,-0.47,0.00,001367,22.55,不复权,正常交易,,,
2025-06-03,001367,22.080,23.130,23.440,22.080,11366564,262908625.32,6.16,4.76,1.05,0.00,001367,22.08,不复权,正常交易,,,
2025-06-04,001367,23.120,23.180,23.510,22.800,6761415,156729599.70,3.11,0.22,0.05,0.00,001367,23.13,不复权,正常交易,,,
2025-06-05,001367,23.240,22.580,23.240,22.430,4942122,111593114.76,3.61,-2.59,-0.60,0.00,001367,23.18,不复权,正常交易,,,
2025-06-06,001367,22.590,22.590,22.930,22.400,3454508,78037335.72,2.37,0.04,0.01,0.00,001367,22.58,不复权,正常交易,,,
2025-06-09,001367,22.680,23.520,23.950,22.680,7994144,188022266.88,5.60,4.12,0.93,0.00,001367,22.59,不复权,正常交易,,,
2025-06-10,001367,23.460,23.540,24.220,23.210,7729935,181962669.90,4.35,0.09,0.02,0.00,001367,23.52,不复权,正常交易,,,
2025-06-11,001367,23.350,23.390,23.790,23.210,3422003,80040650.17,2.50,-0.64,-0.15,0.00,001367,23.54,不复权,正常交易,,,
2025-06-12,001367,23.500,23.500,23.780,23.270,4272743,100409460.50,2.19,0.47,0.11,0.00,001367,23.39,不复权,正常交易,,,
2025-06-13,001367,23.500,22.960,23.650,22.700,3928161,90190576.56,4.19,-2.30,-0.54,0.00,001367,23.50,不复权,正常交易,,,
2025-06-16,001367,22.770,22.560,22.990,22.410,3055260,68926665.60,2.59,-1.74,-0.40,0.00,001367,22.96,不复权,正常交易,,,
2025-06-17,001367,22.620,22.250,22.890,22.150,2989105,66507586.25,3.34,-1.37,-0.31,0.00,001367,22.56,不复权,正常交易,,,
2025-06-18,001367,22.250,21.800,22.340,21.760,2749949,59948888.20,2.67,-2.02,-0.45,0.00,001367,22.25,不复权,正常交易,,,
2025-06-19,001367,21.700,21.150,21.910,21.020,3135477,66315338.55,4.23,-2.98,-0.65,0.00,001367,21.80,不复权,正常交易,,,
2025-06-20,001367,21.160,21.300,21.400,21.020,2323833,49497642.90,1.81,0.71,0.15,0.00,001367,21.15,不复权,正常交易,,,
2025-06-23,001367,21.300,21.600,21.620,21.060,1757448,37960876.80,2.66,1.41,0.30,0.00,001367,21.30,不复权,正常交易,,,
2025-06-24,001367,21.610,21.770,21.890,21.520,1886645,41072261.65,1.72,0.79,0.17,0.00,001367,21.60,不复权,正常交易,,,
2025-06-25,001367,21.760,21.680,21.970,21.480,2209038,47891943.84,2.28,-0.41,-0.09,0.00,001367,21.77,不复权,正常交易,,,
2025-06-26,001367,21.520,21.370,21.730,21.300,2148440,45912162.80,2.02,-1.43,-0.31,0.00,001367,21.68,不复权,正常交易,,,
2025-06-27,001367,21.450,21.540,21.560,21.370,1820434,39212148.36,0.89,0.80,0.17,0.00,001367,21.37,不复权,正常交易,,,
2025-06-30,001367,21.540,21.810,21.810,21.350,2175527,47448243.87,2.15,1.25,0.27,0.00,001367,21.54,不复权,正常交易,,,
2025-07-01,001367,21.810,22.480,22.680,21.740,5303562,119224073.76,4.32,3.07,0.67,0.00,001367,21.81,不复权,正常交易,,,
2025-07-02,001367,22.460,23.320,23.880,22.300,8475978,197659806.96,7.09,3.74,0.84,0.00,001367,22.48,不复权,正常交易,,,
2025-07-03,001367,23.320,23.270,23.770,23.100,5752310,133856253.70,2.90,-0.21,-0.05,0.00,001367,23.32,不复权,正常交易,,,
2025-07-04,001367,23.310,23.090,23.310,22.800,3284615,75841760.35,2.24,-0.77,-0.18,0.00,001367,23.27,不复权,正常交易,,,
2025-07-07,001367,23.100,23.570,24.140,22.900,5709607,134575436.99,5.41,2.08,0.48,0.00,001367,23.09,不复权,正常交易,,,
2025-07-08,001367,23.570,23.330,23.930,23.220,3519326,82105875.58,3.06,-1.02,-0.24,0.00,001367,23.57,不复权,正常交易,,,
2025-07-09,001367,23.200,22.800,23.300,22.730,3630219,82768993.20,2.51,-2.27,-0.53,0.00,001367,23.33,不复权,正常交易,,,
2025-07-10,001367,22.680,22.820,23.490,22.660,3169076,72318314.32,3.66,0.09,0.02,0.00,001367,22.80,不复权,正常交易,,,
2025-07-11,001367,22.900,22.960,23.200,22.500,2854493,65539159.28,3.11,0.61,0.14,0.00,001367,22.82,不复权,正常交易,,,
2025-07-14,001367,22.970,23.050,23.150,22.820,1653571,38114811.55,1.45,0.39,0.09,0.00,001367,22.96,不复权,正常交易,,,
2025-07-15,001367,23.100,22.930,23.200,22.660,1996171,45772201.03,2.38,-0.52,-0.12,0.00,001367,23.05,不复权,正常交易,,,
2025-07-16,001367,22.930,23.970,24.080,22.780,6201147,148641493.59,5.71,4.54,1.04,0.00,001367,22.93,不复权,正常交易,,,
2025-07-17,001367,23.900,23.970,24.640,23.720,5171137,123952153.89,3.88,0.00,0.00,0.00,001367,23.97,不复权,正常交易,,,
2025-07-18,001367,23.780,23.950,23.990,23.440,3075937,73668691.15,2.35,-0.08,-0.02,0.00,001367,23.97,不复权,正常交易,,,
2025-07-21,001367,23.910,24.200,24.400,23.720,4253173,102926786.60,2.87,1.04,0.25,0.00,001367,23.95,不复权,正常交易,,,
2025-07-22,001367,24.200,23.850,24.350,23.740,3068775,73190283.75,2.57,-1.45,-0.35,0.00,001367,24.20,不复权,正常交易,,,
2025-07-23,001367,23.800,23.620,24.100,23.500,1963320,46373618.40,2.55,-0.96,-0.23,0.00,001367,23.85,不复权,正常交易,,,
2025-07-24,001367,23.630,23.930,24.220,23.580,2841968,68008294.24,2.71,1.31,0.31,0.00,001367,23.62,不复权,正常交易,,,
2025-07-25,001367,23.920,24.720,26.320,23.750,9695763,239679261.36,10.82,3.30,0.79,0.00,001367,23.93,不复权,正常交易,,,
2025-07-28,001367,24.740,24.970,25.500,24.600,6357103,158736861.91,3.66,1.01,0.25,0.00,001367,24.72,不复权,正常交易,,,
2025-07-29,001367,24.980,25.170,25.800,24.470,7315581,184133173.77,5.44,0.80,0.20,0.00,001367,24.97,不复权,正常交易,,,
2025-07-30,001367,24.910,25.600,25.800,24.740,8284659,212087270.40,4.28,1.71,0.43,0.00,001367,25.17,不复权,正常交易,,,
2025-07-31,001367,25.350,26.550,27.560,25.000,13583741,360648323.55,10.24,3.71,0.95,0.00,001367,25.60,不复权,正常交易,,,
2025-08-01,001367,26.500,25.700,27.950,25.500,14116495,362793921.50,9.61,-3.20,-0.85,0.00,001367,26.55,不复权,正常交易,,,
2025-08-04,001367,25.770,26.930,27.490,25.260,12047394,324436320.42,8.83,4.79,1.23,0.00,001367,25.70,不复权,正常交易,,,
2025-08-05,001367,26.930,26.450,27.530,26.340,8365438,221265835.10,4.52,-1.78,-0.48,0.00,001367,26.93,不复权,正常交易,,,
2025-08-06,001367,26.330,25.260,26.410,25.020,8646251,218404300.26,5.56,-4.50,-1.19,0.00,001367,26.45,不复权,正常交易,,,
2025-08-07,001367,25.300,24.720,25.460,24.650,6030706,149079052.32,3.29,-2.14,-0.54,0.00,001367,25.26,不复权,正常交易,,,
2025-08-08,001367,24.680,24.910,24.990,24.280,3618355,90133223.05,2.92,0.77,0.19,0.00,001367,24.72,不复权,正常交易,,,
2025-08-11,001367,24.800,25.590,26.080,24.780,5401126,138214814.34,5.25,2.73,0.68,0.00,001367,24.91,不复权,正常交易,,,
2025-08-12,001367,25.600,25.510,25.980,25.150,3270289,83425072.39,3.30,-0.31,-0.08,0.00,001367,25.59,不复权,正常交易,,,
2025-08-13,001367,25.510,26.270,26.780,25.250,7405929,194553754.83,6.06,2.98,0.76,0.00,001367,25.51,不复权,正常交易,,,
2025-08-14,001367,26.270,25.860,26.960,25.720,6084843,157354039.98,4.82,-1.56,-0.41,0.00,001367,26.27,不复权,正常交易,,,
2025-08-15,001367,25.840,26.860,26.970,25.840,6127371,164581185.06,4.37,3.87,1.00,0.00,001367,25.86,不复权,正常交易,,,
2025-08-18,001367,26.860,26.720,27.350,26.600,5736828,153288044.16,2.82,-0.52,-0.14,0.00,001367,26.86,不复权,正常交易,,,
2025-08-19,001367,26.730,26.720,27.240,26.400,4560731,121862732.32,3.18,0.00,0.00,0.00,001367,26.72,不复权,正常交易,,,
2025-08-20,001367,26.570,26.230,26.570,26.000,4520812,118580898.76,2.19,-1.83,-0.49,0.00,001367,26.72,不复权,正常交易,,,
2025-08-21,001367,26.230,26.100,26.460,25.930,3440998,89810047.80,2.04,-0.50,-0.13,0.00,001367,26.23,不复权,正常交易,,,
2025-08-22,001367,26.130,26.130,26.280,25.840,3563810,93122355.30,1.70,0.11,0.03,0.00,001367,26.10,不复权,正常交易,,,
2025-08-25,001367,26.250,26.550,26.970,26.120,4124427,109503536.85,3.25,1.61,0.42,0.00,001367,26.13,不复权,正常交易,,,
2025-08-26,001367,26.480,26.470,27.480,26.260,4930835,130519202.45,4.65,-0.30,-0.08,0.00,001367,26.55,不复权,正常交易,,,
2025-08-27,001367,26.420,25.350,26.660,25.320,4657694,118072542.90,5.29,-4.23,-1.12,0.00,001367,26.47,不复权,正常交易,,,
2025-08-28,001367,25.310,25.150,25.650,24.410,3391927,85306964.05,5.08,-0.79,-0.20,0.00,001367,25.35,不复权,正常交易,,,
2025-08-29,001367,25.300,25.000,25.490,25.000,2377769,59444225.00,1.96,-0.60,-0.15,0.00,001367,25.15,不复权,正常交易,,,
2025-09-01,001367,24.900,25.620,26.000,24.900,2709664,69421591.68,4.42,2.48,0.62,0.00,001367,25.00,不复权,正常交易,,,
2025-09-02,001367,25.620,25.150,25.720,24.740,2269756,57084363.40,3.96,-1.83,-0.47,0.00,001367,25.62,不复权,正常交易,,,
2025-09-03,001367,25.180,24.730,25.400,24.550,1871096,46272204.08,3.46,-1.67,-0.42,0.00,001367,25.15,不复权,正常交易,,,
2025-09-04,001367,24.730,24.390,25.030,24.020,1960070,47806107.30,4.20,-1.37,-0.34,0.00,001367,24.73,不复权,正常交易,,,
2025-09-05,001367,24.410,24.750,24.850,24.170,1623830,40189792.50,2.81,1.48,0.36,0.00,001367,24.39,不复权,正常交易,,,
2025-09-08,001367,24.770,25.180,25.290,24.610,1738295,43770268.10,2.76,1.74,0.43,0.00,001367,24.75,不复权,正常交易,,,
2025-09-09,001367,25.250,24.840,25.260,24.700,1818750,45177750.00,2.27,-1.35,-0.34,0.00,001367,25.18,不复权,正常交易,,,
2025-09-10,001367,24.830,24.930,25.490,24.830,2179202,54327505.86,2.66,0.36,0.09,0.00,001367,24.84,不复权,正常交易,,,
2025-09-11,001367,24.910,24.800,24.910,24.260,1876421,46535240.80,2.68,-0.52,-0.13,0.00,001367,24.93,不复权,正常交易,,,
2025-09-12,001367,24.850,24.920,25.150,24.550,1993703,49683078.76,2.44,0.48,0.12,0.00,001367,24.80,不复权,正常交易,,,
2025-09-15,001367,25.100,24.960,25.100,24.610,1460278,36448538.88,1.99,0.16,0.04,0.00,001367,24.92,不复权,正常交易,,,
2025-09-16,001367,25.310,24.840,25.370,24.210,2423789,60206918.76,4.79,-0.48,-0.12,0.00,001367,24.96,不复权,正常交易,,,
2025-09-17,001367,25.050,24.850,25.060,24.660,2009087,49925811.95,1.62,0.04,0.01,0.00,001367,24.84,不复权,正常交易,,,
2025-09-18,001367,24.810,24.300,24.980,24.100,2616015,63569164.50,3.65,-2.21,-0.55,0.00,001367,24.85,不复权,正常交易,,,
2025-09-19,001367,24.420,24.180,24.480,23.990,1667849,40328588.82,2.04,-0.49,-0.12,0.00,001367,24.30,不复权,正常交易,,,
2025-09-22,001367,24.170,23.920,24.360,23.820,1317091,31504816.72,2.27,-1.08,-0.26,0.00,001367,24.18,不复权,正常交易,,,
2025-09-23,001367,23.920,23.610,23.990,23.110,2189865,51702712.65,3.81,-1.30,-0.31,0.00,001367,23.92,不复权,正常交易,,,
2025-09-24,001367,23.430,23.790,23.960,23.430,1984731,47216750.49,2.26,0.76,0.18,0.00,001367,23.61,不复权,正常交易,,,
2025-09-25,001367,23.810,23.510,23.980,23.450,1324457,31137984.07,2.26,-1.18,-0.28,0.00,001367,23.79,不复权,正常交易,,,
2025-09-26,001367,23.450,23.390,23.850,23.010,1354564,31683251.96,3.65,-0.51,-0.12,0.00,001367,23.51,不复权,正常交易,,,
2025-09-29,001367,23.390,23.400,23.670,22.980,1497446,35040236.40,3.00,0.04,0.01,0.00,001367,23.39,不复权,正常交易,,,
2025-09-30,001367,23.390,23.460,23.680,23.390,749444,17581956.24,1.24,0.26,0.06,0.00,001367,23.40,不复权,正常交易,,,
2025-10-09,001367,23.470,23.430,23.760,23.310,1647773,38607321.39,1.93,-0.13,-0.03,0.00,001367,23.46,不复权,正常交易,,,
2025-10-10,001367,23.410,24.420,24.760,23.410,3996361,97591135.62,5.77,4.23,0.99,0.00,001367,23.43,不复权,正常交易,,,
2025-10-13,001367,23.610,24.140,24.540,23.610,2141241,51689557.74,3.94,-1.15,-0.28,0.00,001367,24.42,不复权,正常交易,,,
2025-10-14,001367,24.270,24.130,24.800,24.030,1716592,41421364.96,3.20,-0.04,-0.01,0.00,001367,24.14,不复权,正常交易,,,
2025-10-15,001367,24.200,24.360,24.400,23.910,1083987,26405923.32,2.05,0.95,0.23,0.00,001367,24.13,不复权,正常交易,,,
2025-10-16,001367,24.370,24.010,24.400,23.950,999871,24006902.71,1.88,-1.44,-0.35,0.00,001367,24.36,不复权,正常交易,,,
2025-10-17,001367,24.030,23.740,24.270,23.710,1191479,28285711.46,2.36,-1.12,-0.27,0.00,001367,24.01,不复权,正常交易,,,
2025-10-20,001367,23.810,24.050,24.080,23.810,761751,18320111.55,1.13,1.31,0.31,0.00,001367,23.74,不复权,正常交易,,,
2025-10-21,001367,24.020,24.370,24.450,23.930,1499935,36553415.95,2.17,1.33,0.32,0.00,001367,24.05,不复权,正常交易,,,
2025-10-22,001367,24.180,24.190,24.860,24.170,1747359,42268614.21,2.85,-0.74,-0.18,0.00,001367,24.37,不复权,正常交易,,,
2025-10-23,001367,24.300,24.210,24.400,23.910,1121972,27162942.12,2.05,0.08,0.02,0.00,001367,24.19,不复权,正常交易,,,
2025-10-24,001367,24.210,24.000,24.230,23.960,1240833,29779992.00,1.13,-0.87,-0.21,0.00,001367,24.21,不复权,正常交易,,,
2025-10-27,001367,23.980,24.090,24.230,23.910,1153097,27778106.73,1.34,0.37,0.09,0.00,001367,24.00,不复权,正常交易,,,
2025-10-28,001367,23.930,23.950,24.080,23.870,920042,22035005.90,0.88,-0.58,-0.14,0.00,001367,24.09,不复权,正常交易,,,
2025-10-29,001367,23.930,23.340,23.930,23.250,2072868,48380739.12,2.92,-2.55,-0.61,0.00,001367,23.95,不复权,正常交易,,,
2025-10-30,001367,23.360,23.280,23.600,23.210,1040260,24217252.80,1.68,-0.26,-0.06,0.00,001367,23.34,不复权,正常交易,,,
2025-10-31,001367,23.320,23.880,23.970,23.210,1808605,43189487.40,3.27,2.58,0.60,0.00,001367,23.28,不复权,正常交易,,,
2025-11-03,001367,23.850,23.790,24.090,23.510,1373878,32684557.62,2.47,-0.38,-0.09,0.00,001367,23.88,不复权,正常交易,,,
2025-11-04,001367,23.720,22.960,23.770,22.750,2581380,59268484.80,4.48,-3.49,-0.83,0.00,001367,23.79,不复权,正常交易,,,
2025-11-05,001367,22.820,23.200,23.270,22.750,1306376,30307923.20,2.29,1.05,0.24,0.00,001367,22.96,不复权,正常交易,,,
2025-11-06,001367,23.200,23.300,23.560,23.040,1140424,26571879.20,2.26,0.43,0.10,0.00,001367,23.20,不复权,正常交易,,,
2025-11-07,001367,23.430,23.240,23.430,23.060,690988,16058561.12,1.60,-0.26,-0.06,0.00,001367,23.30,不复权,正常交易,,,
2025-11-10,001367,23.300,23.470,23.530,23.220,1278463,30005526.61,1.34,0.99,0.23,0.00,001367,23.24,不复权,正常交易,,,
2025-11-11,001367,23.470,23.490,23.600,23.300,866712,20359064.88,1.29,0.09,0.02,0.00,001367,23.47,不复权,正常交易,,,
2025-11-12,001367,23.490,23.610,23.660,23.420,1200151,28335565.11,1.02,0.51,0.12,0.00,001367,23.49,不复权,正常交易,,,
2025-11-13,001367,23.700,23.550,23.700,23.330,1067416,25137646.80,1.59,-0.25,-0.06,0.00,001367,23.61,不复权,正常交易,,,
2025-11-14,001367,23.530,24.000,24.100,23.470,2062243,49493832.00,2.68,1.91,0.45,0.00,001367,23.55,不复权,正常交易,,,
2025-11-17,001367,23.940,23.670,24.050,23.490,1471617,34833174.39,2.38,-1.37,-0.33,0.00,001367,24.00,不复权,正常交易,,,
2025-11-18,001367,23.740,23.550,23.850,23.460,844074,19877942.70,1.66,-0.51,-0.12,0.00,001367,23.67,不复权,正常交易,,,
2025-11-19,001367,23.590,23.220,23.610,23.170,1021660,23722945.20,1.90,-1.40,-0.33,0.00,001367,23.55,不复权,正常交易,,,
2025-11-20,001367,23.300,23.230,23.470,23.090,719335,16710152.05,1.65,0.04,0.01,0.00,001367,23.22,不复权,正常交易,,,
2025-11-21,001367,23.100,22.050,23.300,22.000,2221792,48990513.60,5.91,-5.08,-1.18,0.00,001367,23.23,不复权,正常交易,,,
2025-11-24,001367,22.340,22.420,22.550,22.190,1029889,23090111.38,1.62,1.68,0.37,0.00,001367,22.05,不复权,正常交易,,,
2025-11-25,001367,22.520,22.850,23.020,22.390,1250580,28575753.00,2.81,1.92,0.43,0.00,001367,22.42,不复权,正常交易,,,
2025-11-26,001367,22.850,22.830,23.240,22.720,1095051,25000014.33,2.29,-0.09,-0.02,0.00,001367,22.85,不复权,正常交易,,,
2025-11-27,001367,22.830,23.120,23.150,22.600,784459,18136692.08,2.43,1.27,0.29,0.00,001367,22.83,不复权,正常交易,,,
2025-11-28,001367,23.500,23.020,23.500,22.700,816756,18801723.12,3.52,-0.43,-0.10,0.00,001367,23.12,不复权,正常交易,,,
2025-12-01,001367,23.090,22.920,23.200,22.850,852211,19532676.12,1.53,-0.43,-0.10,0.00,001367,23.02,不复权,正常交易,,,
2025-12-02,001367,22.920,22.820,23.150,22.710,719100,16409862.00,1.94,-0.44,-0.10,0.00,001367,22.92,不复权,正常交易,,,
2025-12-03,001367,22.820,23.320,23.430,22.780,1663007,38781323.24,2.85,2.19,0.50,0.00,001367,22.82,不复权,正常交易,,,
2025-12-04,001367,23.290,22.860,23.370,22.800,1537081,35137671.66,2.50,-1.97,-0.46,0.00,001367,23.32,不复权,正常交易,,,
2025-12-05,001367,22.850,22.790,23.000,22.330,1062824,24221758.96,3.00,-0.31,-0.07,0.00,001367,22.86,不复权,正常交易,,,
2025-12-08,001367,22.990,22.740,22.990,22.670,844096,19194743.04,1.41,-0.22,-0.05,0.00,001367,22.79,不复权,正常交易,,,
2025-12-09,001367,22.640,22.560,22.840,22.530,833796,18810437.76,1.38,-0.79,-0.18,0.00,001367,22.74,不复权,正常交易,,,
2025-12-10,001367,22.640,22.260,22.640,22.210,984863,21923050.38,1.94,-1.33,-0.30,0.00,001367,22.56,不复权,正常交易,,,
2025-12-11,001367,22.370,21.880,22.370,21.880,1247299,27290902.12,2.24,-1.71,-0.38,0.00,001367,22.26,不复权,正常交易,,,
2025-12-12,001367,21.810,21.710,21.970,21.640,909180,19738297.80,1.52,-0.78,-0.17,0.00,001367,21.88,不复权,正常交易,,,
2025-12-15,001367,21.710,21.730,21.810,21.530,513722,11163179.06,1.30,0.09,0.02,0.00,001367,21.71,不复权,正常交易,,,
2025-12-16,001367,21.860,21.330,21.880,21.290,912247,19458228.51,2.77,-1.84,-0.40,0.00,001367,21.73,不复权,正常交易,,,
2025-12-17,001367,21.330,21.520,21.520,21.050,1406999,30278618.48,2.23,0.89,0.19,0.00,001367,21.33,不复权,正常交易,,,
2025-12-18,001367,21.540,21.750,21.850,21.410,1001210,21776317.50,2.06,1.07,0.23,0.00,001367,21.52,不复权,正常交易,,,
2025-12-19,001367,21.860,22.070,22.130,21.760,814533,17976743.31,1.70,1.47,0.32,0.00,001367,21.75,不复权,正常交易,,,
2025-12-22,001367,22.080,22.010,22.160,22.000,643379,14160771.79,0.73,-0.27,-0.06,0.00,001367,22.07,不复权,正常交易,,,
2025-12-23,001367,22.010,21.980,22.180,21.860,517592,11376672.16,1.46,-0.14,-0.03,0.00,001367,22.01,不复权,正常交易,,,
2025-12-24,001367,22.080,21.990,22.090,21.880,725823,15960847.77,0.96,0.05,0.01,0.00,001367,21.98,不复权,正常交易,,,
2025-12-25,001367,22.080,22.190,22.250,22.000,845420,18759869.80,1.14,0.91,0.20,0.00,001367,21.99,不复权,正常交易,,,
2025-12-26,001367,22.290,22.030,22.350,21.930,804710,17727761.30,1.92,-0.72,-0.16,0.00,001367,22.19,不复权,正常交易,,,
2025-12-29,001367,22.100,22.000,22.100,21.940,670320,14747040.00,0.73,-0.14,-0.03,0.00,001367,22.03,不复权,正常交易,,,
2025-12-30,001367,21.900,21.950,22.100,21.800,757946,16636914.70,1.38,-0.23,-0.05,0.00,001367,22.00,不复权,正常交易,,,
2025-12-31,001367,22.060,21.950,22.060,21.790,846275,18575736.25,1.24,0.00,0.00,0.00,001367,21.95,不复权,正常交易,,,
2026-01-05,001367,21.910,22.330,22.420,21.910,1174890,26235293.70,2.33,1.73,0.38,0.00,001367,21.95,不复权,正常交易,,,
2026-01-06,001367,22.570,22.290,22.570,22.140,1184191,26395617.39,1.94,-0.18,-0.04,0.00,001367,22.33,不复权,正常交易,,,
2026-01-07,001367,22.290,22.350,22.470,22.230,1066281,23831380.35,1.08,0.27,0.06,0.00,001367,22.29,不复权,正常交易,,,
2026-01-08,001367,22.250,22.500,22.550,22.230,912576,20532960.00,1.44,0.67,0.15,0.00,001367,22.35,不复权,正常交易,,,
2026-01-09,001367,22.580,22.720,22.780,22.390,1299756,29530456.32,1.74,0.98,0.22,0.00,001367,22.50,不复权,正常交易,,,
2026-01-12,001367,22.890,22.950,23.190,22.580,1515272,34775492.40,2.70,1.01,0.23,0.00,001367,22.72,不复权,正常交易,,,
2026-01-13,001367,22.890,23.780,24.220,22.890,4024281,95697402.18,5.81,3.62,0.83,0.00,001367,22.95,不复权,正常交易,,,
2026-01-14,001367,23.910,23.880,23.980,23.330,2921352,69761885.76,2.79,0.42,0.10,0.00,001367,23.78,不复权,正常交易,,,
2026-01-15,001367,23.880,23.950,24.320,23.650,1676926,40162377.70,2.83,0.29,0.07,0.00,001367,23.88,不复权,正常交易,,,
2026-01-16,001367,24.050,24.140,24.190,23.810,1155619,27896642.66,1.60,0.79,0.19,0.00,001367,23.95,不复权,正常交易,,,
2026-01-19,001367,23.980,23.770,24.230,23.670,1463037,34776389.49,2.37,-1.53,-0.37,0.00,001367,24.14,不复权,正常交易,,,
2026-01-20,001367,23.780,23.800,24.080,23.670,1268734,30195869.20,1.73,0.13,0.03,0.00,001367,23.77,不复权,正常交易,,,
2026-01-21,001367,23.690,23.900,24.060,23.630,1102848,26358067.20,1.82,0.42,0.10,0.00,001367,23.80,不复权,正常交易,,,
2026-01-22,001367,23.970,24.310,24.400,23.880,1689022,41060124.82,2.18,1.72,0.41,0.00,001367,23.90,不复权,正常交易,,,
2026-01-23,001367,24.400,24.250,24.460,24.120,1293843,31375692.75,1.41,-0.25,-0.06,0.00,001367,24.31,不复权,正常交易,,,
2026-01-26,001367,24.250,24.770,24.930,24.250,3030938,75076334.26,2.80,2.14,0.52,0.00,001367,24.25,不复权,正常交易,,,
2026-01-27,001367,24.770,24.820,24.920,23.780,2068388,51337390.16,4.79,0.20,0.05,0.00,001367,24.77,不复权,正常交易,,,
2026-01-28,001367,24.960,24.380,24.970,24.350,1406101,34280742.38,2.55,-1.77,-0.44,0.00,001367,24.82,不复权,正常交易,,,
2026-01-29,001367,24.240,24.080,24.670,24.000,1667410,40151232.80,2.79,-1.23,-0.30,0.00,001367,24.38,不复权,正常交易,,,
2026-01-30,001367,24.020,24.180,24.480,24.000,1451613,35100002.34,2.00,0.42,0.10,0.00,001367,24.08,不复权,正常交易,,,
2026-02-02,001367,24.290,23.600,24.500,23.500,1884470,44473492.00,4.26,-2.40,-0.58,0.00,001367,24.18,不复权,正常交易,,,
2026-02-03,001367,23.750,24.160,24.260,23.660,1885366,45550442.56,2.54,2.37,0.56,0.00,001367,23.60,不复权,正常交易,,,
2026-02-04,001367,24.280,24.310,24.540,24.100,1328652,32299530.12,1.83,0.62,0.15,0.00,001367,24.16,不复权,正常交易,,,
2026-02-05,001367,24.310,24.230,24.400,24.110,899120,21785677.60,1.20,-0.33,-0.08,0.00,001367,24.31,不复权,正常交易,,,
2026-02-06,001367,24.400,24.170,24.550,24.020,1000239,24175776.63,2.21,-0.25,-0.06,0.00,001367,24.23,不复权,正常交易,,,
2026-02-09,001367,24.360,24.420,24.540,24.290,1355445,33099966.90,1.03,1.03,0.25,0.00,001367,24.17,不复权,正常交易,,,
2026-02-10,001367,24.530,24.320,24.580,24.260,783051,19043800.32,1.32,-0.41,-0.10,0.00,001367,24.42,不复权,正常交易,,,
2026-02-11,001367,24.510,24.300,24.510,24.160,790216,19202248.80,1.45,-0.08,-0.02,0.00,001367,24.32,不复权,正常交易,,,
2026-02-12,001367,24.290,24.000,24.330,23.970,720633,17295192.00,1.50,-1.23,-0.30,0.00,001367,24.30,不复权,正常交易,,,
2026-02-13,001367,24.120,23.800,24.170,23.740,604633,14390265.40,1.81,-0.83,-0.20,0.00,001367,24.00,不复权,正常交易,,,
2026-02-24,001367,23.950,23.910,24.270,23.740,1340138,32042699.58,2.23,0.46,0.11,0.00,001367,23.80,不复权,正常交易,,,
2026-02-25,001367,23.910,24.040,24.230,23.880,1058186,25438791.44,1.47,0.54,0.13,0.00,001367,23.91,不复权,正常交易,,,
2026-02-26,001367,24.120,23.830,24.130,23.600,1110096,26453587.68,2.25,-0.87,-0.21,0.00,001367,24.04,不复权,正常交易,,,
2026-02-27,001367,23.740,23.570,23.920,23.440,1059512,24972697.84,2.05,-1.09,-0.26,0.00,001367,23.83,不复权,正常交易,,,
2026-03-02,001367,23.310,22.930,23.480,22.410,1782946,40882951.78,4.77,-2.72,-0.64,0.00,001367,23.57,不复权,正常交易,,,
2026-03-03,001367,23.000,22.230,23.250,22.000,1783323,39643270.29,5.68,-3.05,-0.70,0.00,001367,22.93,不复权,正常交易,,,
2026-03-04,001367,22.170,22.210,22.400,21.980,1092214,24258072.94,1.91,-0.09,-0.02,0.00,001367,22.23,不复权,正常交易,,,
2026-03-05,001367,22.480,22.170,22.620,19.990,1794508,39784242.36,13.16,-0.18,-0.04,0.00,001367,22.21,不复权,正常交易,,,
2026-03-06,001367,22.220,23.050,23.080,22.090,1885524,43461328.20,4.48,3.97,0.88,0.00,001367,22.17,不复权,正常交易,,,
2026-03-09,001367,23.050,23.010,23.250,22.580,2167521,49874658.21,2.97,-0.17,-0.04,0.00,001367,23.05,不复权,正常交易,,,
2026-03-10,001367,23.500,23.490,23.600,23.110,1704320,40034476.80,2.12,2.09,0.48,0.00,001367,23.01,不复权,正常交易,,,
2026-03-11,001367,23.640,23.290,23.650,23.170,1107437,25792207.73,2.07,-0.85,-0.20,0.00,001367,23.49,不复权,正常交易,,,
2026-03-12,001367,23.290,22.970,23.440,22.920,1274197,29268305.09,2.27,-1.37,-0.32,0.00,001367,23.29,不复权,正常交易,,,
2026-03-13,001367,23.150,22.900,23.240,22.810,1489610,34112069.00,1.89,-0.30,-0.07,0.00,001367,22.97,不复权,正常交易,,,
2026-03-16,001367,22.890,23.150,23.220,22.830,1769867,40972421.05,1.71,1.09,0.25,0.00,001367,22.90,不复权,正常交易,,,
2026-03-17,001367,23.340,22.800,23.340,22.700,940759,21449305.20,2.82,-1.51,-0.35,0.00,001367,23.15,不复权,正常交易,,,
2026-03-18,001367,22.800,23.300,23.320,22.710,1337326,31159695.80,2.69,2.19,0.50,0.00,001367,22.80,不复权,正常交易,,,
2026-03-19,001367,23.330,22.550,23.330,22.480,1252522,28244371.10,3.78,-3.22,-0.75,0.00,001367,23.30,不复权,正常交易,,,
2026-03-20,001367,22.720,21.840,22.860,21.800,1603410,35018474.40,4.86,-3.15,-0.71,0.00,001367,22.55,不复权,正常交易,,,
2026-03-23,001367,21.740,20.230,21.790,19.900,2558359,51755602.57,9.50,-7.37,-1.61,0.00,001367,21.84,不复权,正常交易,,,
2026-03-24,001367,20.600,21.420,21.660,20.300,2136744,45769056.48,6.70,5.88,1.19,0.00,001367,20.23,不复权,正常交易,,,
2026-03-25,001367,21.800,21.930,22.000,21.430,1440091,31581195.63,2.66,2.38,0.51,0.00,001367,21.42,不复权,正常交易,,,
2026-03-26,001367,23.760,24.120,24.120,23.760,6597321,159127382.52,1.52,9.99,2.19,0.00,001367,21.93,不复权,正常交易,,,
2026-03-27,001367,23.950,25.180,26.530,23.750,17709387,445922364.66,11.71,4.39,1.06,0.00,001367,24.12,不复权,正常交易,,,
2026-03-30,001367,25.320,25.990,26.110,25.320,14532956,377711526.44,3.12,3.22,0.81,0.00,001367,25.18,不复权,正常交易,,,
2026-03-31,001367,25.900,25.450,26.240,25.240,10613183,270105507.35,3.96,-2.08,-0.54,0.00,001367,25.99,不复权,正常交易,,,
2026-04-01,001367,25.640,25.930,26.160,25.430,9552687,247701173.91,2.87,1.89,0.48,0.00,001367,25.45,不复权,正常交易,,,
2026-04-02,001367,26.080,25.750,26.350,25.600,6177376,159067432.00,2.93,-0.69,-0.18,0.00,001367,25.93,不复权,正常交易,,,
2026-04-03,001367,25.750,26.030,26.570,25.460,8081225,210354286.75,4.36,1.09,0.28,0.00,001367,25.75,不复权,正常交易,,,
2026-04-07,001367,26.270,25.820,26.980,25.710,7120294,183845991.08,4.94,-0.81,-0.21,0.00,001367,26.03,不复权,正常交易,,,
2026-04-08,001367,26.070,25.410,26.210,24.840,6389696,162362175.36,5.52,-1.59,-0.41,0.00,001367,25.82,不复权,正常交易,,,
2026-04-09,001367,25.530,25.190,26.500,24.900,5089676,128208938.44,6.43,-0.87,-0.22,0.00,001367,25.41,不复权,正常交易,,,
2026-04-10,001367,25.350,25.500,25.710,24.960,4939990,125969745.00,3.00,1.23,0.31,0.00,001367,25.19,不复权,正常交易,,,
2026-04-13,001367,25.170,26.130,26.130,24.920,4834462,126324492.06,4.86,2.47,0.63,0.00,001367,25.50,不复权,正常交易,,,
2026-04-14,001367,26.130,26.420,26.600,25.860,5460554,144267836.68,2.86,1.11,0.29,0.00,001367,26.13,不复权,正常交易,,,
2026-04-15,001367,26.660,25.920,26.880,25.010,5918385,153404539.20,7.48,-1.89,-0.50,0.00,001367,26.42,不复权,正常交易,,,
2026-04-16,001367,26.150,27.400,28.000,25.710,10110884,277038221.60,8.91,5.71,1.48,0.00,001367,25.92,不复权,正常交易,,,
2026-04-17,001367,27.450,26.490,27.480,26.240,7034088,186332991.12,4.73,-3.32,-0.91,0.00,001367,27.40,不复权,正常交易,,,
2026-04-20,001367,25.250,25.410,26.150,24.610,8394980,213316441.80,6.26,-4.08,-1.08,0.00,001367,26.49,不复权,正常交易,,,
2026-04-21,001367,25.420,25.250,25.430,25.000,4277249,108000537.25,1.72,-0.63,-0.16,0.00,001367,25.41,不复权,正常交易,,,
2026-04-22,001367,25.360,26.600,26.680,24.930,5519185,146810321.00,7.02,5.35,1.35,0.00,001367,25.25,不复权,正常交易,,,
2026-04-23,001367,26.590,25.910,27.220,25.100,5847374,151505460.34,8.45,-2.59,-0.69,0.00,001367,26.60,不复权,正常交易,,,
2026-04-24,001367,25.600,25.460,25.930,25.060,2920431,74354173.26,3.47,-1.74,-0.45,0.00,001367,25.91,不复权,正常交易,,,
2026-04-27,001367,25.420,25.820,25.990,25.210,2746590,70916953.80,3.09,-0.42,-0.11,0.00,001367,25.93,不复权，正常交易,,,
2026-04-28,001367,25.110,24.590,25.270,24.360,3437348,84524387.32,3.74,-5.39,-1.40,0.00,001367,25.99,不复权，正常交易,,,
