日期,股票代码,开盘,收盘,最高,最低,成交量,成交额,振幅,涨跌幅,涨跌额,换手率,股票名称,前收盘,复权状态,交易状态,动态市盈率,动态市现率,动态市净率
2022-03-11,603408,12.590,12.700,12.730,12.230,1579987,20065834.90,4.09,0.32,0.04,0.00,603408,12.66,不复权,正常交易,,,
2022-03-14,603408,12.550,12.290,12.650,12.260,1346100,16543569.00,3.18,-3.23,-0.41,0.00,603408,12.70,不复权,正常交易,,,
2022-03-15,603408,12.250,11.710,12.320,11.710,1961800,22972678.00,5.21,-4.72,-0.58,0.00,603408,12.29,不复权,正常交易,,,
2022-03-16,603408,11.890,11.910,11.950,11.450,1836700,21875097.00,4.37,1.71,0.20,0.00,603408,11.71,不复权,正常交易,,,
2022-03-17,603408,11.990,11.980,12.190,11.920,2118170,25375676.60,2.27,0.59,0.07,0.00,603408,11.91,不复权,正常交易,,,
2022-03-18,603408,11.960,12.220,12.420,11.930,2385400,29149588.00,4.11,2.00,0.24,0.00,603408,11.98,不复权,正常交易,,,
2022-03-21,603408,12.350,12.200,12.350,12.070,1777624,21687012.80,2.32,-0.16,-0.02,0.00,603408,12.22,不复权,正常交易,,,
2022-03-22,603408,12.190,12.400,12.530,12.020,2483600,30796640.00,4.24,1.64,0.20,0.00,603408,12.20,不复权,正常交易,,,
2022-03-23,603408,12.380,12.230,12.380,12.230,1186350,14509060.50,1.23,-1.37,-0.17,0.00,603408,12.40,不复权,正常交易,,,
2022-03-24,603408,12.230,12.120,12.240,12.050,1269000,15380280.00,1.58,-0.90,-0.11,0.00,603408,12.23,不复权,正常交易,,,
2022-03-25,603408,12.120,12.130,12.300,12.100,852600,10342038.00,1.65,0.08,0.01,0.00,603408,12.12,不复权,正常交易,,,
2022-03-28,603408,12.000,12.070,12.180,11.800,988800,11934816.00,3.22,-0.49,-0.06,0.00,603408,12.13,不复权,正常交易,,,
2022-03-29,603408,12.120,11.950,12.130,11.920,722900,8638655.00,1.76,-0.99,-0.12,0.00,603408,12.07,不复权,正常交易,,,
2022-03-30,603408,11.970,12.220,12.350,11.960,1276580,15599807.60,3.26,2.26,0.27,0.00,603408,11.95,不复权,正常交易,,,
2022-03-31,603408,12.240,12.290,12.420,12.140,1537900,18900791.00,2.31,0.57,0.07,0.00,603408,12.22,不复权,正常交易,,,
2022-04-01,603408,12.200,12.300,12.310,12.140,992700,12210210.00,1.40,0.08,0.01,0.00,603408,12.29,不复权,正常交易,,,
2022-04-06,603408,12.250,12.540,12.680,12.220,1999513,25073893.02,3.76,1.95,0.24,0.00,603408,12.30,不复权,正常交易,,,
2022-04-07,603408,12.410,12.310,12.540,12.300,1276287,15711092.97,1.95,-1.83,-0.23,0.00,603408,12.54,不复权,正常交易,,,
2022-04-08,603408,12.250,12.290,12.410,12.230,1017561,12505824.69,1.47,-0.16,-0.02,0.00,603408,12.31,不复权,正常交易,,,
2022-04-11,603408,12.210,11.940,12.370,11.910,1192300,14236062.00,3.86,-2.85,-0.35,0.00,603408,12.29,不复权,正常交易,,,
2022-04-12,603408,11.890,12.080,12.110,11.730,1159080,14001686.40,3.24,1.17,0.14,0.00,603408,11.94,不复权,正常交易,,,
2022-04-13,603408,12.080,11.940,12.140,11.860,865100,10329294.00,2.36,-1.16,-0.14,0.00,603408,12.08,不复权,正常交易,,,
2022-04-14,603408,12.010,12.000,12.100,11.900,786200,9434400.00,1.68,0.50,0.06,0.00,603408,11.94,不复权,正常交易,,,
2022-04-15,603408,11.930,11.810,11.970,11.750,911600,10765996.00,1.87,-1.58,-0.19,0.00,603408,12.00,不复权,正常交易,,,
2022-04-18,603408,11.750,11.870,11.870,11.570,907337,10770090.19,2.59,0.51,0.06,0.00,603408,11.81,不复权,正常交易,,,
2022-04-19,603408,11.820,12.100,12.100,11.800,910300,11014630.00,2.54,1.94,0.23,0.00,603408,11.87,不复权,正常交易,,,
2022-04-20,603408,12.190,11.760,12.190,11.720,1244300,14632968.00,4.01,-2.81,-0.34,0.00,603408,12.10,不复权,正常交易,,,
2022-04-21,603408,11.690,11.520,11.890,11.450,1380600,15904512.00,3.84,-2.04,-0.24,0.00,603408,11.76,不复权,正常交易,,,
2022-04-22,603408,11.480,11.790,11.950,11.220,1749200,20623068.00,6.51,2.34,0.27,0.00,603408,11.52,不复权,正常交易,,,
2022-04-25,603408,11.550,10.930,11.950,10.880,2026363,22148147.59,9.83,-7.29,-0.86,0.00,603408,11.79,不复权,正常交易,,,
2022-04-26,603408,11.110,10.740,11.220,10.440,1971600,21174984.00,7.47,-1.74,-0.19,0.00,603408,10.93,不复权,正常交易,,,
2022-04-27,603408,10.450,10.760,10.780,10.170,2044900,22003124.00,6.00,0.19,0.02,0.00,603408,10.74,不复权,正常交易,,,
2022-04-28,603408,10.580,10.520,10.830,10.500,917800,9655256.00,3.14,-2.23,-0.24,0.00,603408,10.76,不复权,正常交易,,,
2022-04-29,603408,10.620,11.100,11.200,10.600,2068687,22962425.70,5.66,5.51,0.58,0.00,603408,10.52,不复权,正常交易,,,
2022-05-05,603408,11.090,11.100,11.280,10.910,1056187,11723675.70,3.39,0.00,0.00,0.00,603408,11.10,不复权,正常交易,,,
2022-05-06,603408,10.930,11.180,11.240,10.920,1009562,11286903.16,2.93,0.72,0.08,0.00,603408,11.10,不复权,正常交易,,,
2022-05-09,603408,11.160,11.460,11.500,11.080,1303962,14943404.52,3.79,2.50,0.28,0.00,603408,11.18,不复权,正常交易,,,
2022-05-10,603408,11.380,11.500,11.560,11.340,885600,10184400.00,1.94,0.35,0.04,0.00,603408,11.46,不复权,正常交易,,,
2022-05-11,603408,11.590,11.290,11.700,11.270,1556356,17571259.24,3.82,-1.83,-0.21,0.00,603408,11.50,不复权,正常交易,,,
2022-05-12,603408,11.230,11.410,11.460,11.230,1082900,12355889.00,2.05,1.06,0.12,0.00,603408,11.29,不复权,正常交易,,,
2022-05-13,603408,11.450,11.400,11.560,11.320,639600,7291440.00,2.12,-0.09,-0.01,0.00,603408,11.41,不复权,正常交易,,,
2022-05-16,603408,11.500,11.460,11.510,11.280,876337,10042822.02,2.04,0.53,0.06,0.00,603408,11.40,不复权,正常交易,,,
2022-05-17,603408,11.410,11.230,11.410,11.190,911500,10236145.00,1.97,-2.01,-0.23,0.00,603408,11.46,不复权,正常交易,,,
2022-05-18,603408,11.170,11.270,11.450,11.170,552300,6224421.00,2.51,0.36,0.04,0.00,603408,11.23,不复权,正常交易,,,
2022-05-19,603408,11.270,11.380,11.440,11.060,1084000,12335920.00,3.44,0.98,0.11,0.00,603408,11.27,不复权,正常交易,,,
2022-05-20,603408,11.380,11.430,11.490,11.360,952100,10882503.00,1.14,0.44,0.05,0.00,603408,11.38,不复权,正常交易,,,
2022-05-23,603408,11.500,11.510,11.510,11.320,918500,10571935.00,1.68,0.70,0.08,0.00,603408,11.43,不复权,正常交易,,,
2022-05-24,603408,11.450,11.070,11.570,11.060,1442900,15972903.00,4.61,-3.82,-0.44,0.00,603408,11.51,不复权,正常交易,,,
2022-05-25,603408,11.090,11.220,11.300,11.020,810200,9090444.00,2.54,1.36,0.15,0.00,603408,11.07,不复权,正常交易,,,
2022-05-26,603408,11.300,11.280,11.300,11.050,975100,10999128.00,2.26,0.53,0.06,0.00,603408,11.22,不复权,正常交易,,,
2022-05-27,603408,11.340,11.360,11.460,11.220,765900,8700624.00,2.14,0.71,0.08,0.00,603408,11.28,不复权,正常交易,,,
2022-05-30,603408,11.380,11.450,11.450,11.320,776700,8893215.00,1.15,0.79,0.09,0.00,603408,11.36,不复权,正常交易,,,
2022-05-31,603408,11.400,11.600,11.620,11.400,1501131,17413119.60,1.93,1.31,0.15,0.00,603408,11.45,不复权,正常交易,,,
2022-06-01,603408,11.590,11.640,11.700,11.480,1465431,17057616.84,1.92,0.34,0.04,0.00,603408,11.60,不复权,正常交易,,,
2022-06-02,603408,11.290,11.250,11.350,11.210,884984,9956070.00,1.25,-3.35,-0.39,0.00,603408,11.64,不复权,正常交易,,,
2022-06-06,603408,11.250,11.330,11.450,11.150,1063184,12045874.72,2.69,0.71,0.08,0.00,603408,11.25,不复权,正常交易,,,
2022-06-07,603408,11.380,11.330,11.540,11.250,1124600,12741718.00,2.58,0.00,0.00,0.00,603408,11.33,不复权,正常交易,,,
2022-06-08,603408,11.270,11.270,11.400,11.100,1279000,14414330.00,2.70,-0.53,-0.06,0.00,603408,11.33,不复权,正常交易,,,
2022-06-09,603408,11.260,11.200,11.340,11.150,934200,10463040.00,1.70,-0.62,-0.07,0.00,603408,11.27,不复权,正常交易,,,
2022-06-10,603408,11.120,11.240,11.260,11.060,903200,10151968.00,1.81,0.36,0.04,0.00,603408,11.20,不复权,正常交易,,,
2022-06-13,603408,11.230,11.150,11.250,11.080,885600,9874440.00,1.53,-0.80,-0.09,0.00,603408,11.24,不复权,正常交易,,,
2022-06-14,603408,11.060,11.240,11.240,10.880,1591900,17892956.00,3.31,0.81,0.09,0.00,603408,11.15,不复权,正常交易,,,
2022-06-15,603408,11.310,11.210,11.340,11.180,1565500,17549255.00,1.43,-0.27,-0.03,0.00,603408,11.24,不复权,正常交易,,,
2022-06-16,603408,11.280,11.440,11.530,11.170,1986166,22721739.04,3.22,2.05,0.23,0.00,603408,11.21,不复权,正常交易,,,
2022-06-17,603408,11.400,11.340,11.530,11.210,1516750,17199945.00,2.85,-0.87,-0.10,0.00,603408,11.44,不复权,正常交易,,,
2022-06-20,603408,11.350,11.680,11.870,11.350,2559150,29890872.00,4.58,3.00,0.34,0.00,603408,11.34,不复权,正常交易,,,
2022-06-21,603408,11.570,11.860,12.340,11.530,3195500,37898630.00,7.03,1.54,0.18,0.00,603408,11.68,不复权,正常交易,,,
2022-06-22,603408,11.860,11.630,11.910,11.600,1492900,17362427.00,2.67,-1.94,-0.23,0.00,603408,11.86,不复权,正常交易,,,
2022-06-23,603408,11.600,11.650,11.700,11.540,1058187,12327878.55,1.39,0.17,0.02,0.00,603408,11.63,不复权,正常交易,,,
2022-06-24,603408,11.720,11.730,11.830,11.580,1064600,12487758.00,2.16,0.69,0.08,0.00,603408,11.65,不复权,正常交易,,,
2022-06-27,603408,11.770,11.740,11.850,11.670,1024062,12022487.88,1.54,0.09,0.01,0.00,603408,11.73,不复权,正常交易,,,
2022-06-28,603408,11.660,11.800,11.860,11.640,1462762,17260591.60,1.89,0.51,0.06,0.00,603408,11.74,不复权,正常交易,,,
2022-06-29,603408,11.800,11.650,11.880,11.640,1307100,15227715.00,2.06,-1.27,-0.15,0.00,603408,11.80,不复权,正常交易,,,
2022-06-30,603408,11.620,11.700,11.840,11.620,1122700,13135590.00,1.89,0.43,0.05,0.00,603408,11.65,不复权,正常交易,,,
2022-07-01,603408,11.770,11.640,11.800,11.600,756300,8803332.00,1.72,-0.51,-0.06,0.00,603408,11.70,不复权,正常交易,,,
2022-07-04,603408,11.600,11.650,11.760,11.550,685943,7991235.95,1.82,0.09,0.01,0.00,603408,11.64,不复权,正常交易,,,
2022-07-05,603408,11.650,11.500,11.730,11.390,977600,11242400.00,2.99,-1.29,-0.15,0.00,603408,11.65,不复权,正常交易,,,
2022-07-06,603408,11.500,11.310,11.520,11.200,941300,10646103.00,2.86,-1.65,-0.19,0.00,603408,11.50,不复权,正常交易,,,
2022-07-07,603408,11.390,11.290,11.400,11.250,574300,6483847.00,1.33,-0.18,-0.02,0.00,603408,11.31,不复权,正常交易,,,
2022-07-08,603408,11.360,11.390,11.500,11.300,669000,7619910.00,1.77,0.89,0.10,0.00,603408,11.29,不复权,正常交易,,,
2022-07-11,603408,11.550,11.420,11.730,11.260,1648757,18828804.94,4.17,0.26,0.03,0.00,603408,11.39,不复权,正常交易,,,
2022-07-12,603408,11.420,11.210,11.420,11.200,1094985,12274781.85,1.96,-1.84,-0.21,0.00,603408,11.42,不复权,正常交易,,,
2022-07-13,603408,11.290,11.250,11.340,11.180,632285,7113206.25,1.43,0.36,0.04,0.00,603408,11.21,不复权,正常交易,,,
2022-07-14,603408,11.250,11.350,11.430,11.200,687500,7803125.00,2.05,0.89,0.10,0.00,603408,11.25,不复权,正常交易,,,
2022-07-15,603408,11.350,11.220,11.400,11.160,709100,7956102.00,2.15,-1.15,-0.13,0.00,603408,11.35,不复权,正常交易,,,
2022-07-18,603408,11.260,11.410,11.420,11.220,813000,9276330.00,1.78,1.69,0.19,0.00,603408,11.22,不复权,正常交易,,,
2022-07-19,603408,11.400,11.540,11.550,11.340,788100,9094674.00,1.85,1.14,0.13,0.00,603408,11.41,不复权,正常交易,,,
2022-07-20,603408,11.480,11.560,11.640,11.480,568446,6571235.76,1.39,0.17,0.02,0.00,603408,11.54,不复权,正常交易,,,
2022-07-21,603408,11.580,11.490,11.610,11.470,483900,5560011.00,1.22,-0.61,-0.07,0.00,603408,11.56,不复权,正常交易,,,
2022-07-22,603408,11.530,11.470,11.590,11.180,801600,9194352.00,3.67,-0.17,-0.02,0.00,603408,11.49,不复权,正常交易,,,
2022-07-25,603408,11.500,11.440,11.580,11.400,573800,6564272.00,1.58,-0.26,-0.03,0.00,603408,11.47,不复权,正常交易,,,
2022-07-26,603408,11.420,11.530,11.560,11.320,833600,9611408.00,2.12,0.79,0.09,0.00,603408,11.44,不复权,正常交易,,,
2022-07-27,603408,11.500,11.600,11.630,11.470,864413,10027190.80,1.39,0.61,0.07,0.00,603408,11.53,不复权,正常交易,,,
2022-07-28,603408,11.620,11.620,11.670,11.580,790000,9179800.00,0.78,0.17,0.02,0.00,603408,11.60,不复权,正常交易,,,
2022-07-29,603408,11.590,11.540,11.690,11.520,763213,8807478.02,1.48,-0.69,-0.08,0.00,603408,11.62,不复权,正常交易,,,
2022-08-01,603408,11.540,11.450,11.570,11.430,573400,6565430.00,1.22,-0.78,-0.09,0.00,603408,11.54,不复权,正常交易,,,
2022-08-02,603408,11.320,10.950,11.400,10.760,1974800,21624060.00,5.95,-4.37,-0.50,0.00,603408,11.45,不复权,正常交易,,,
2022-08-03,603408,10.820,10.820,11.110,10.810,923000,9986860.00,2.78,-1.19,-0.13,0.00,603408,10.95,不复权,正常交易,,,
2022-08-04,603408,10.820,10.930,10.950,10.810,468100,5116333.00,1.30,1.02,0.11,0.00,603408,10.82,不复权,正常交易,,,
2022-08-05,603408,10.930,11.030,11.080,10.900,565400,6236362.00,1.65,0.91,0.10,0.00,603408,10.93,不复权,正常交易,,,
2022-08-08,603408,11.040,11.050,11.100,11.010,525500,5806775.00,0.82,0.18,0.02,0.00,603408,11.03,不复权,正常交易,,,
2022-08-09,603408,11.130,11.350,11.980,11.120,2982435,33850637.25,7.73,2.71,0.30,0.00,603408,11.05,不复权,正常交易,,,
2022-08-10,603408,11.180,11.250,11.420,11.150,1020900,11485125.00,2.42,-0.88,-0.10,0.00,603408,11.35,不复权,正常交易,,,
2022-08-11,603408,11.250,11.350,11.420,11.250,1062100,12054835.00,1.51,0.89,0.10,0.00,603408,11.25,不复权,正常交易,,,
2022-08-12,603408,11.350,11.400,11.420,11.290,1215500,13856700.00,1.15,0.44,0.05,0.00,603408,11.35,不复权,正常交易,,,
2022-08-15,603408,11.460,11.290,11.460,11.210,717457,8100089.53,2.23,-0.96,-0.11,0.00,603408,11.40,不复权,正常交易,,,
2022-08-16,603408,11.290,11.290,11.390,11.270,631350,7127941.50,1.06,0.00,0.00,0.00,603408,11.29,不复权,正常交易,,,
2022-08-17,603408,11.330,11.360,11.380,11.290,575200,6534272.00,0.80,0.62,0.07,0.00,603408,11.29,不复权,正常交易,,,
2022-08-18,603408,11.360,11.260,11.360,11.210,484050,5450403.00,1.34,-0.88,-0.10,0.00,603408,11.36,不复权,正常交易,,,
2022-08-19,603408,11.260,11.230,11.350,11.220,616800,6926664.00,1.16,-0.27,-0.03,0.00,603408,11.26,不复权,正常交易,,,
2022-08-22,603408,11.230,11.270,11.300,11.160,595100,6706777.00,1.25,0.36,0.04,0.00,603408,11.23,不复权,正常交易,,,
2022-08-23,603408,11.240,11.270,11.390,11.180,490454,5527416.58,1.88,0.00,0.00,0.00,603408,11.27,不复权,正常交易,,,
2022-08-24,603408,11.200,11.090,11.350,11.080,863700,9578433.00,2.44,-1.60,-0.18,0.00,603408,11.27,不复权,正常交易,,,
2022-08-25,603408,11.160,11.110,11.180,11.000,550289,6113710.79,1.64,0.18,0.02,0.00,603408,11.09,不复权,正常交易,,,
2022-08-26,603408,11.160,11.080,11.200,11.050,446852,4951120.16,1.36,-0.27,-0.03,0.00,603408,11.11,不复权,正常交易,,,
2022-08-29,603408,10.950,11.290,11.290,10.910,1188700,13420423.00,3.48,1.90,0.21,0.00,603408,11.08,不复权,正常交易,,,
2022-08-30,603408,11.320,11.610,11.640,11.280,2725554,31643681.94,3.19,2.83,0.32,0.00,603408,11.29,不复权,正常交易,,,
2022-08-31,603408,11.700,11.490,11.900,11.410,3048325,35025254.25,4.29,-1.03,-0.12,0.00,603408,11.61,不复权,正常交易,,,
2022-09-01,603408,11.600,11.540,11.820,11.460,2737882,31595158.28,3.14,0.44,0.05,0.00,603408,11.49,不复权,正常交易,,,
2022-09-02,603408,11.680,11.680,11.730,11.490,1730006,20206470.08,2.09,1.21,0.14,0.00,603408,11.54,不复权,正常交易,,,
2022-09-05,603408,11.680,11.780,11.800,11.600,1535987,18093926.86,1.72,0.86,0.10,0.00,603408,11.68,不复权,正常交易,,,
2022-09-06,603408,11.810,11.800,11.890,11.740,1650426,19475026.80,1.28,0.17,0.02,0.00,603408,11.78,不复权,正常交易,,,
2022-09-07,603408,11.890,11.830,11.900,11.710,1414400,16732352.00,1.62,0.25,0.03,0.00,603408,11.80,不复权,正常交易,,,
2022-09-08,603408,11.830,11.780,11.890,11.740,1168400,13763752.00,1.28,-0.42,-0.05,0.00,603408,11.83,不复权,正常交易,,,
2022-09-09,603408,11.780,11.750,11.860,11.720,944600,11099050.00,1.19,-0.25,-0.03,0.00,603408,11.78,不复权,正常交易,,,
2022-09-13,603408,11.780,11.870,11.930,11.770,1340700,15914109.00,1.36,1.02,0.12,0.00,603408,11.75,不复权,正常交易,,,
2022-09-14,603408,11.760,11.710,11.800,11.650,953300,11163143.00,1.29,-1.35,-0.16,0.00,603408,11.87,不复权,正常交易,,,
2022-09-15,603408,11.780,11.610,11.800,11.560,1311200,15223032.00,2.08,-0.85,-0.10,0.00,603408,11.71,不复权,正常交易,,,
2022-09-16,603408,11.660,11.470,11.720,11.450,1511300,17334611.00,2.36,-1.21,-0.14,0.00,603408,11.61,不复权,正常交易,,,
2022-09-19,603408,11.420,11.330,11.590,11.260,922600,10453058.00,2.93,-1.22,-0.14,0.00,603408,11.47,不复权,正常交易,,,
2022-09-20,603408,11.320,11.380,11.510,11.290,690362,7856319.56,1.95,0.44,0.05,0.00,603408,11.33,不复权,正常交易,,,
2022-09-21,603408,11.380,11.410,11.420,11.110,1098424,12533017.84,2.79,0.26,0.03,0.00,603408,11.38,不复权,正常交易,,,
2022-09-22,603408,11.450,11.280,11.460,11.260,678300,7651224.00,1.78,-1.14,-0.13,0.00,603408,11.41,不复权,正常交易,,,
2022-09-23,603408,11.290,11.270,11.390,11.140,785900,8857093.00,2.24,-0.09,-0.01,0.00,603408,11.28,不复权,正常交易,,,
2022-09-26,603408,11.280,10.990,11.280,10.980,942936,10362866.64,2.73,-2.48,-0.28,0.00,603408,11.27,不复权,正常交易,,,
2022-09-27,603408,10.990,11.300,11.310,10.990,1045813,11817686.90,2.91,2.82,0.31,0.00,603408,10.99,不复权,正常交易,,,
2022-09-28,603408,11.300,11.240,11.450,11.160,913700,10269988.00,2.60,-0.53,-0.06,0.00,603408,11.30,不复权,正常交易,,,
2022-09-29,603408,11.310,11.100,11.400,11.050,775357,8606462.70,3.17,-1.25,-0.14,0.00,603408,11.24,不复权,正常交易,,,
2022-09-30,603408,11.070,11.110,11.190,11.010,1197200,13300892.00,1.63,0.09,0.01,0.00,603408,11.10,不复权,正常交易,,,
2022-10-10,603408,11.100,10.830,11.190,10.710,1471400,15935262.00,4.48,-2.52,-0.28,0.00,603408,11.11,不复权,正常交易,,,
2022-10-11,603408,10.910,10.840,10.970,10.680,961289,10420372.76,2.72,0.09,0.01,0.00,603408,10.83,不复权,正常交易,,,
2022-10-12,603408,10.800,10.820,10.830,10.570,1078300,11667206.00,2.46,-0.18,-0.02,0.00,603408,10.84,不复权,正常交易,,,
2022-10-13,603408,10.830,10.780,10.880,10.710,800057,8624614.46,1.59,-0.37,-0.04,0.00,603408,10.82,不复权,正常交易,,,
2022-10-14,603408,10.950,10.910,10.950,10.790,985750,10754532.50,1.48,1.21,0.13,0.00,603408,10.78,不复权,正常交易,,,
2022-10-17,603408,10.920,11.040,11.080,10.850,1416800,15641472.00,2.12,1.19,0.13,0.00,603408,10.91,不复权,正常交易,,,
2022-10-18,603408,11.130,11.020,11.130,11.000,805400,8875508.00,1.18,-0.18,-0.02,0.00,603408,11.04,不复权,正常交易,,,
2022-10-19,603408,11.020,11.000,11.090,10.970,798300,8781300.00,1.09,-0.18,-0.02,0.00,603408,11.02,不复权,正常交易,,,
2022-10-20,603408,10.940,10.890,11.080,10.860,836857,9113372.73,2.03,-1.00,-0.11,0.00,603408,11.00,不复权,正常交易,,,
2022-10-21,603408,10.850,10.850,10.970,10.830,794100,8615985.00,1.29,-0.37,-0.04,0.00,603408,10.89,不复权,正常交易,,,
2022-10-24,603408,10.900,10.730,11.010,10.730,1461900,15686187.00,2.61,-1.11,-0.12,0.00,603408,10.85,不复权,正常交易,,,
2022-10-25,603408,10.690,10.600,10.800,10.580,1336000,14161600.00,2.08,-1.21,-0.13,0.00,603408,10.73,不复权,正常交易,,,
2022-10-26,603408,10.580,10.720,10.760,10.580,1411213,15128203.36,1.70,1.13,0.12,0.00,603408,10.60,不复权,正常交易,,,
2022-10-27,603408,10.750,10.880,10.910,10.700,944413,10275213.44,1.96,1.49,0.16,0.00,603408,10.72,不复权,正常交易,,,
2022-10-28,603408,10.820,10.540,10.870,10.490,1192600,12570004.00,3.62,-3.13,-0.34,0.00,603408,10.88,不复权,正常交易,,,
2022-10-31,603408,10.500,10.680,10.750,10.420,1759500,18791460.00,3.17,1.33,0.14,0.00,603408,10.54,不复权,正常交易,,,
2022-11-01,603408,10.700,11.130,11.130,10.690,2214100,24642933.00,4.12,4.21,0.45,0.00,603408,10.68,不复权,正常交易,,,
2022-11-02,603408,11.130,11.100,11.240,11.050,1249900,13873890.00,1.72,-0.27,-0.03,0.00,603408,11.13,不复权,正常交易,,,
2022-11-03,603408,11.110,11.170,11.230,11.050,1005500,11231435.00,1.63,0.63,0.07,0.00,603408,11.10,不复权,正常交易,,,
2022-11-04,603408,11.020,11.280,11.350,11.020,1451123,16368667.44,2.99,0.98,0.11,0.00,603408,11.17,不复权,正常交易,,,
2022-11-07,603408,11.350,11.410,11.480,11.230,1969300,22469713.00,2.23,1.15,0.13,0.00,603408,11.28,不复权,正常交易,,,
2022-11-08,603408,11.350,11.300,11.500,11.250,1173868,13264708.40,2.22,-0.96,-0.11,0.00,603408,11.41,不复权,正常交易,,,
2022-11-09,603408,11.400,11.390,11.540,11.320,1464800,16684072.00,1.94,0.80,0.09,0.00,603408,11.30,不复权,正常交易,,,
2022-11-10,603408,11.310,11.420,11.450,11.310,770100,8794542.00,1.24,0.26,0.03,0.00,603408,11.39,不复权,正常交易,,,
2022-11-11,603408,11.540,11.530,11.700,11.420,1404100,16189273.00,2.45,0.96,0.11,0.00,603408,11.42,不复权,正常交易,,,
2022-11-14,603408,11.610,11.680,11.780,11.530,1596941,18652270.88,2.17,1.30,0.15,0.00,603408,11.53,不复权,正常交易,,,
2022-11-15,603408,11.710,11.720,11.760,11.620,1339000,15693080.00,1.20,0.34,0.04,0.00,603408,11.68,不复权,正常交易,,,
2022-11-16,603408,11.770,11.760,11.850,11.640,872900,10265304.00,1.80,0.34,0.04,0.00,603408,11.72,不复权,正常交易,,,
2022-11-17,603408,11.760,11.790,11.820,11.680,834100,9834039.00,1.20,0.26,0.03,0.00,603408,11.76,不复权,正常交易,,,
2022-11-18,603408,11.840,11.650,11.850,11.620,1142980,13315717.00,1.98,-1.19,-0.14,0.00,603408,11.79,不复权,正常交易,,,
2022-11-21,603408,11.710,11.840,11.950,11.600,1907413,22583769.92,3.02,1.63,0.19,0.00,603408,11.65,不复权,正常交易,,,
2022-11-22,603408,11.820,11.850,11.990,11.740,1271460,15066801.00,2.13,0.08,0.01,0.00,603408,11.84,不复权,正常交易,,,
2022-11-23,603408,11.780,11.570,11.870,11.550,1375000,15908750.00,2.77,-2.36,-0.28,0.00,603408,11.85,不复权,正常交易,,,
2022-11-24,603408,11.630,11.780,11.840,11.620,1128000,13287840.00,1.89,1.82,0.21,0.00,603408,11.57,不复权,正常交易,,,
2022-11-25,603408,11.710,11.750,11.810,11.660,691400,8123950.00,1.29,-0.25,-0.03,0.00,603408,11.78,不复权,正常交易,,,
2022-11-28,603408,11.700,11.660,11.740,11.430,2448887,28554022.42,2.71,-0.77,-0.09,0.00,603408,11.75,不复权,正常交易,,,
2022-11-29,603408,11.730,12.180,12.450,11.680,3408317,41513301.06,6.59,4.46,0.52,0.00,603408,11.66,不复权,正常交易,,,
2022-11-30,603408,12.230,11.920,12.240,11.860,2051700,24456264.00,3.20,-2.13,-0.26,0.00,603408,12.18,不复权,正常交易,,,
2022-12-01,603408,11.950,11.780,12.080,11.770,1634600,19255588.00,2.63,-1.17,-0.14,0.00,603408,11.92,不复权,正常交易,,,
2022-12-02,603408,11.760,11.930,11.970,11.660,1528300,18232619.00,2.66,1.27,0.15,0.00,603408,11.78,不复权,正常交易,,,
2022-12-05,603408,11.950,11.840,11.970,11.810,1439800,17047232.00,1.35,-0.75,-0.09,0.00,603408,11.93,不复权,正常交易,,,
2022-12-06,603408,11.860,11.820,11.870,11.710,1390800,16439256.00,1.37,-0.17,-0.02,0.00,603408,11.84,不复权,正常交易,,,
2022-12-07,603408,11.790,11.640,11.790,11.610,1383500,16103940.00,1.55,-1.52,-0.18,0.00,603408,11.82,不复权,正常交易,,,
2022-12-08,603408,11.610,11.650,11.690,11.550,916962,10682607.30,1.21,0.09,0.01,0.00,603408,11.64,不复权,正常交易,,,
2022-12-09,603408,11.640,11.670,11.690,11.470,962400,11231208.00,1.92,0.17,0.02,0.00,603408,11.65,不复权,正常交易,,,
2022-12-12,603408,11.660,11.410,11.720,11.380,1490100,17002041.00,2.99,-2.23,-0.26,0.00,603408,11.67,不复权,正常交易,,,
2022-12-13,603408,11.450,11.660,11.700,11.410,1433663,16716510.58,2.54,2.19,0.25,0.00,603408,11.41,不复权,正常交易,,,
2022-12-14,603408,11.590,11.470,11.690,11.450,1007900,11560613.00,2.10,-1.63,-0.19,0.00,603408,11.66,不复权,正常交易,,,
2022-12-15,603408,11.590,11.450,11.610,11.420,873800,10005010.00,1.66,-0.17,-0.02,0.00,603408,11.47,不复权,正常交易,,,
2022-12-16,603408,11.480,11.300,11.490,11.250,901700,10189210.00,2.13,-1.31,-0.15,0.00,603408,11.45,不复权,正常交易,,,
2022-12-19,603408,11.300,11.230,11.520,11.200,1419862,15945050.26,2.86,-0.62,-0.07,0.00,603408,11.30,不复权,正常交易,,,
2022-12-20,603408,11.070,11.110,11.290,11.020,1018030,11310313.30,2.45,-1.07,-0.12,0.00,603408,11.23,不复权,正常交易,,,
2022-12-21,603408,11.160,11.100,11.200,11.080,722200,8016420.00,1.08,-0.09,-0.01,0.00,603408,11.11,不复权,正常交易,,,
2022-12-22,603408,11.120,10.930,11.220,10.900,761300,8321009.00,2.94,-1.53,-0.17,0.00,603408,11.10,不复权,正常交易,,,
2022-12-23,603408,10.920,10.950,11.140,10.830,1064500,11656275.00,2.86,0.18,0.02,0.00,603408,10.93,不复权,正常交易,,,
2022-12-26,603408,10.940,10.790,11.000,10.760,1690575,18241304.25,2.23,-1.46,-0.16,0.00,603408,10.95,不复权,正常交易,,,
2022-12-27,603408,10.800,10.890,11.000,10.710,1318500,14358465.00,2.71,0.93,0.10,0.00,603408,10.79,不复权,正常交易,,,
2022-12-28,603408,10.940,10.730,10.980,10.710,979600,10511108.00,2.52,-1.47,-0.16,0.00,603408,10.89,不复权,正常交易,,,
2022-12-29,603408,10.730,10.670,10.810,10.630,1063702,11349700.34,1.69,-0.56,-0.06,0.00,603408,10.73,不复权,正常交易,,,
2022-12-30,603408,10.670,10.860,10.940,10.590,1731700,18806262.00,3.31,1.78,0.19,0.00,603408,10.67,不复权,正常交易,,,
2023-01-03,603408,10.820,10.910,10.950,10.780,1477986,16124827.26,1.58,0.46,0.05,0.00,603408,10.86,不复权,正常交易,,,
2023-01-04,603408,10.940,11.090,11.120,10.830,1875400,20798186.00,2.68,1.65,0.18,0.00,603408,10.91,不复权,正常交易,,,
2023-01-05,603408,11.120,11.190,11.220,10.980,1607200,17984568.00,2.19,0.90,0.10,0.00,603408,11.09,不复权,正常交易,,,
2023-01-06,603408,11.100,11.090,11.290,11.080,1529800,16965482.00,1.90,-0.89,-0.10,0.00,603408,11.19,不复权,正常交易,,,
2023-01-09,603408,11.120,11.190,11.270,11.030,1928700,21582153.00,2.18,0.90,0.10,0.00,603408,11.09,不复权,正常交易,,,
2023-01-10,603408,11.050,11.060,11.260,10.950,1032774,11422480.44,2.83,-1.16,-0.13,0.00,603408,11.19,不复权,正常交易,,,
2023-01-11,603408,11.240,11.070,11.240,11.010,998400,11052288.00,2.09,0.09,0.01,0.00,603408,11.06,不复权,正常交易,,,
2023-01-12,603408,11.050,11.520,11.550,11.050,3373465,38862316.80,4.52,4.07,0.45,0.00,603408,11.07,不复权,正常交易,,,
2023-01-13,603408,11.360,11.410,11.560,11.280,1909200,21783972.00,2.48,-0.95,-0.11,0.00,603408,11.52,不复权,正常交易,,,
2023-01-16,603408,11.300,11.360,11.450,11.300,2004000,22765440.00,1.33,-0.44,-0.05,0.00,603408,11.41,不复权,正常交易,,,
2023-01-17,603408,11.360,11.310,11.480,11.270,1094900,12383319.00,1.86,-0.44,-0.05,0.00,603408,11.36,不复权,正常交易,,,
2023-01-18,603408,11.340,11.270,11.400,11.230,1315900,14830193.00,1.51,-0.35,-0.04,0.00,603408,11.31,不复权,正常交易,,,
2023-01-19,603408,11.260,11.260,11.340,11.230,888600,10005636.00,0.98,-0.09,-0.01,0.00,603408,11.27,不复权,正常交易,,,
2023-01-20,603408,11.280,11.330,11.370,11.240,1150200,13031766.00,1.16,0.62,0.07,0.00,603408,11.26,不复权,正常交易,,,
2023-01-30,603408,11.450,11.360,11.470,11.340,1608200,18269152.00,1.15,0.26,0.03,0.00,603408,11.33,不复权,正常交易,,,
2023-01-31,603408,11.370,11.500,11.500,11.330,1729800,19892700.00,1.50,1.23,0.14,0.00,603408,11.36,不复权,正常交易,,,
2023-02-01,603408,11.500,11.590,11.590,11.430,2384786,27639669.74,1.40,0.78,0.09,0.00,603408,11.50,不复权,正常交易,,,
2023-02-02,603408,11.580,11.570,11.640,11.530,1876700,21713419.00,0.95,-0.17,-0.02,0.00,603408,11.59,不复权,正常交易,,,
2023-02-03,603408,11.590,11.640,11.660,11.530,1764598,20539920.72,1.13,0.61,0.07,0.00,603408,11.57,不复权,正常交易,,,
2023-02-06,603408,11.580,11.560,11.690,11.550,1278200,14775992.00,1.21,-0.69,-0.08,0.00,603408,11.64,不复权,正常交易,,,
2023-02-07,603408,11.620,11.700,11.700,11.580,1673521,19580195.70,1.04,1.21,0.14,0.00,603408,11.56,不复权,正常交易,,,
2023-02-08,603408,11.710,11.620,11.730,11.610,1133613,13172583.06,1.03,-0.68,-0.08,0.00,603408,11.70,不复权,正常交易,,,
2023-02-09,603408,11.610,11.790,11.800,11.610,1631213,19232001.27,1.64,1.46,0.17,0.00,603408,11.62,不复权,正常交易,,,
2023-02-10,603408,11.710,11.780,11.840,11.700,1391700,16394226.00,1.20,-0.08,-0.01,0.00,603408,11.79,不复权,正常交易,,,
2023-02-13,603408,11.800,11.900,11.910,11.720,1589100,18910290.00,1.62,1.02,0.12,0.00,603408,11.78,不复权,正常交易,,,
2023-02-14,603408,11.900,11.950,11.970,11.860,1316300,15729785.00,0.93,0.42,0.05,0.00,603408,11.90,不复权,正常交易,,,
2023-02-15,603408,11.950,11.940,11.970,11.880,1344920,16058344.80,0.76,-0.08,-0.01,0.00,603408,11.95,不复权,正常交易,,,
2023-02-16,603408,11.960,11.700,11.990,11.610,1880043,21996503.10,3.27,-2.01,-0.24,0.00,603408,11.94,不复权,正常交易,,,
2023-02-17,603408,11.680,11.720,11.870,11.660,1389863,16289194.36,1.80,0.17,0.02,0.00,603408,11.70,不复权,正常交易,,,
2023-02-20,603408,11.730,12.040,12.060,11.730,2602854,31338362.16,2.81,2.73,0.32,0.00,603408,11.72,不复权,正常交易,,,
2023-02-21,603408,12.050,11.990,12.150,11.930,1798800,21567612.00,1.84,-0.42,-0.05,0.00,603408,12.04,不复权,正常交易,,,
2023-02-22,603408,11.980,12.000,12.020,11.930,1288309,15459708.00,0.75,0.08,0.01,0.00,603408,11.99,不复权,正常交易,,,
2023-02-23,603408,12.000,12.080,12.290,12.000,2398947,28979279.76,2.42,0.67,0.08,0.00,603408,12.00,不复权,正常交易,,,
2023-02-24,603408,12.140,12.230,12.300,12.040,1903230,23276502.90,2.16,1.24,0.15,0.00,603408,12.08,不复权,正常交易,,,
2023-02-27,603408,12.180,12.180,12.380,12.140,1927600,23478168.00,1.98,-0.41,-0.05,0.00,603408,12.23,不复权,正常交易,,,
2023-02-28,603408,12.200,12.240,12.300,12.090,1738400,21278016.00,1.74,0.49,0.06,0.00,603408,12.18,不复权,正常交易,,,
2023-03-01,603408,12.290,12.290,12.320,12.190,1567900,19269491.00,1.07,0.41,0.05,0.00,603408,12.24,不复权,正常交易,,,
2023-03-02,603408,12.210,12.350,12.490,12.180,1764300,21789105.00,2.55,0.49,0.06,0.00,603408,12.29,不复权,正常交易,,,
2023-03-03,603408,12.300,12.160,12.380,12.130,1445700,17579712.00,2.06,-1.54,-0.19,0.00,603408,12.35,不复权,正常交易,,,
2023-03-06,603408,12.160,12.080,12.250,12.000,1725900,20848872.00,2.08,-0.66,-0.08,0.00,603408,12.16,不复权,正常交易,,,
2023-03-07,603408,12.130,11.840,12.130,11.830,1853024,21939804.16,2.54,-1.99,-0.24,0.00,603408,12.08,不复权,正常交易,,,
2023-03-08,603408,11.840,11.990,11.990,11.810,1253200,15025868.00,1.52,1.27,0.15,0.00,603408,11.84,不复权,正常交易,,,
2023-03-09,603408,12.020,11.960,12.020,11.850,982700,11753092.00,1.43,-0.25,-0.03,0.00,603408,11.99,不复权,正常交易,,,
2023-03-10,603408,11.910,11.720,11.960,11.680,1365400,16002488.00,2.40,-2.01,-0.24,0.00,603408,11.96,不复权,正常交易,,,
2023-03-13,603408,11.780,11.650,11.820,11.590,1150800,13406820.00,1.98,-0.60,-0.07,0.00,603408,11.72,不复权,正常交易,,,
2023-03-14,603408,11.670,11.380,11.730,11.320,1400800,15941104.00,3.62,-2.32,-0.27,0.00,603408,11.65,不复权,正常交易,,,
2023-03-15,603408,11.450,11.550,11.570,11.400,905500,10458525.00,1.49,1.49,0.17,0.00,603408,11.38,不复权,正常交易,,,
2023-03-16,603408,11.550,11.390,11.560,11.390,1001500,11407085.00,1.49,-1.39,-0.16,0.00,603408,11.55,不复权,正常交易,,,
2023-03-17,603408,11.420,11.530,11.630,11.410,892552,10291124.56,1.93,1.23,0.14,0.00,603408,11.39,不复权,正常交易,,,
2023-03-20,603408,11.630,12.350,12.680,11.540,10681350,131914672.50,9.88,7.11,0.82,0.00,603408,11.53,不复权,正常交易,,,
2023-03-21,603408,12.560,12.740,12.850,12.360,10136781,129142589.94,3.96,3.16,0.39,0.00,603408,12.35,不复权,正常交易,,,
2023-03-22,603408,12.850,12.590,12.930,12.530,4246700,53465953.00,3.19,-1.18,-0.15,0.00,603408,12.74,不复权,正常交易,,,
2023-03-23,603408,12.690,12.540,12.690,12.430,3246000,40704840.00,2.09,-0.40,-0.05,0.00,603408,12.59,不复权,正常交易,,,
2023-03-24,603408,12.550,12.560,12.740,12.480,2570200,32281712.00,2.08,0.16,0.02,0.00,603408,12.54,不复权,正常交易,,,
2023-03-27,603408,12.560,12.210,12.580,12.130,3652900,44601909.00,3.71,-2.79,-0.35,0.00,603408,12.56,不复权,正常交易,,,
2023-03-28,603408,12.260,12.200,12.480,12.130,2212400,26991280.00,2.89,-0.08,-0.01,0.00,603408,12.21,不复权,正常交易,,,
2023-03-29,603408,12.150,12.060,12.270,12.000,1651500,19917090.00,2.25,-1.15,-0.14,0.00,603408,12.20,不复权,正常交易,,,
2023-03-30,603408,12.110,12.000,12.120,11.860,1628900,19546800.00,2.19,-0.50,-0.06,0.00,603408,12.06,不复权,正常交易,,,
2023-03-31,603408,12.000,12.090,12.200,11.950,1558454,18841708.86,2.09,0.75,0.09,0.00,603408,12.00,不复权,正常交易,,,
2023-04-03,603408,12.090,12.150,12.260,12.020,2219600,26968140.00,2.00,0.50,0.06,0.00,603408,12.09,不复权,正常交易,,,
2023-04-04,603408,12.250,11.930,12.250,11.860,2057300,24543589.00,3.29,-1.81,-0.22,0.00,603408,12.15,不复权,正常交易,,,
2023-04-06,603408,11.960,11.780,11.990,11.750,1682000,19813960.00,2.04,-1.26,-0.15,0.00,603408,11.93,不复权,正常交易,,,
2023-04-07,603408,11.780,11.870,11.940,11.750,1152000,13674240.00,1.62,0.76,0.09,0.00,603408,11.78,不复权,正常交易,,,
2023-04-10,603408,11.900,11.680,11.950,11.640,1884300,22008624.00,2.66,-1.60,-0.19,0.00,603408,11.87,不复权,正常交易,,,
2023-04-11,603408,11.690,11.700,11.840,11.570,1210540,14163318.00,2.33,0.17,0.02,0.00,603408,11.68,不复权,正常交易,,,
2023-04-12,603408,11.740,11.780,11.810,11.660,1176600,13860348.00,1.29,0.68,0.08,0.00,603408,11.70,不复权,正常交易,,,
2023-04-13,603408,11.720,11.800,11.920,11.720,1591400,18778520.00,1.71,0.17,0.02,0.00,603408,11.78,不复权,正常交易,,,
2023-04-14,603408,11.830,11.960,12.000,11.780,1568171,18755325.16,1.87,1.36,0.16,0.00,603408,11.80,不复权,正常交易,,,
2023-04-17,603408,11.950,11.960,12.020,11.880,1294948,15487578.08,1.18,0.00,0.00,0.00,603408,11.96,不复权,正常交易,,,
2023-04-18,603408,11.990,12.050,12.050,11.890,1445800,17421890.00,1.35,0.75,0.09,0.00,603408,11.96,不复权,正常交易,,,
2023-04-19,603408,12.000,11.820,12.020,11.800,1657500,19591650.00,1.86,-1.91,-0.23,0.00,603408,12.05,不复权,正常交易,,,
2023-04-20,603408,11.820,11.760,11.840,11.670,926430,10894816.80,1.46,-0.51,-0.06,0.00,603408,11.82,不复权,正常交易,,,
2023-04-21,603408,11.810,11.460,11.810,11.400,1463000,16765980.00,3.60,-2.55,-0.30,0.00,603408,11.76,不复权,正常交易,,,
2023-04-24,603408,11.480,11.440,11.490,11.200,1561500,17863560.00,2.59,-0.17,-0.02,0.00,603408,11.46,不复权,正常交易,,,
2023-04-25,603408,11.360,11.140,11.460,10.900,1852600,20637964.00,5.14,-2.62,-0.30,0.00,603408,11.44,不复权,正常交易,,,
2023-04-26,603408,11.130,11.470,11.480,11.010,1386100,15898567.00,4.27,2.96,0.33,0.00,603408,11.14,不复权,正常交易,,,
2023-04-27,603408,11.510,11.640,11.700,11.320,1225000,14259000.00,3.36,1.48,0.17,0.00,603408,11.47,不复权,正常交易,,,
2023-04-28,603408,11.660,11.670,11.740,11.590,1230300,14357601.00,1.29,0.26,0.03,0.00,603408,11.64,不复权,正常交易,,,
2023-05-04,603408,11.390,10.630,11.400,10.520,6172800,65616864.00,8.37,-8.91,-1.04,0.00,603408,11.67,不复权,正常交易,,,
2023-05-05,603408,10.620,10.350,10.640,10.260,5409640,55989774.00,3.70,-2.63,-0.28,0.00,603408,10.63,不复权,正常交易,,,
2023-05-08,603408,10.370,10.290,10.430,10.220,2928363,30132855.27,2.05,-0.58,-0.06,0.00,603408,10.35,不复权,正常交易,,,
2023-05-09,603408,10.290,10.320,10.410,10.240,1772200,18289104.00,1.66,0.29,0.03,0.00,603408,10.29,不复权,正常交易,,,
2023-05-10,603408,10.330,10.440,10.480,10.300,1559692,16283184.48,1.75,1.16,0.12,0.00,603408,10.32,不复权,正常交易,,,
2023-05-11,603408,10.430,10.440,10.500,10.410,1130754,11805071.76,0.86,0.00,0.00,0.00,603408,10.44,不复权,正常交易,,,
2023-05-12,603408,10.440,10.460,10.550,10.420,1158000,12112680.00,1.25,0.19,0.02,0.00,603408,10.44,不复权,正常交易,,,
2023-05-15,603408,10.500,10.520,10.530,10.350,1196600,12588232.00,1.74,0.57,0.06,0.00,603408,10.46,不复权,正常交易,,,
2023-05-16,603408,10.560,10.500,10.560,10.470,688522,7229481.00,0.86,-0.19,-0.02,0.00,603408,10.52,不复权,正常交易,,,
2023-05-17,603408,10.530,10.640,10.640,10.500,957557,10188406.48,1.33,1.33,0.14,0.00,603408,10.50,不复权,正常交易,,,
2023-05-18,603408,10.640,10.640,10.680,10.600,811500,8634360.00,0.75,0.00,0.00,0.00,603408,10.64,不复权,正常交易,,,
2023-05-19,603408,10.640,10.750,10.780,10.530,1126326,12108004.50,2.37,1.03,0.11,0.00,603408,10.64,不复权,正常交易,,,
2023-05-22,603408,10.800,10.910,10.920,10.730,1656526,18072698.66,1.77,1.49,0.16,0.00,603408,10.75,不复权,正常交易,,,
2023-05-23,603408,10.920,10.920,11.010,10.870,1744200,19046664.00,1.29,0.09,0.01,0.00,603408,10.91,不复权,正常交易,,,
2023-05-24,603408,10.810,10.830,10.950,10.790,1662157,18001160.31,1.48,-0.82,-0.09,0.00,603408,10.92,不复权,正常交易,,,
2023-05-25,603408,10.810,10.800,10.880,10.660,1233100,13317480.00,2.06,-0.28,-0.03,0.00,603408,10.83,不复权,正常交易,,,
2023-05-26,603408,10.850,10.800,10.850,10.660,1351500,14596200.00,1.78,0.00,0.00,0.00,603408,10.80,不复权,正常交易,,,
2023-05-29,603408,10.800,10.620,10.850,10.600,1048700,11137194.00,2.36,-1.67,-0.18,0.00,603408,10.80,不复权,正常交易,,,
2023-05-30,603408,10.600,10.630,10.650,10.490,1024300,10888309.00,1.53,0.09,0.01,0.00,603408,10.62,不复权,正常交易,,,
2023-05-31,603408,10.640,10.600,10.670,10.570,503200,5333920.00,0.95,-0.28,-0.03,0.00,603408,10.63,不复权,正常交易,,,
2023-06-01,603408,10.640,10.700,10.720,10.550,761126,8144048.20,1.61,0.94,0.10,0.00,603408,10.60,不复权,正常交易,,,
2023-06-02,603408,10.760,10.890,10.920,10.640,1065500,11603295.00,2.63,1.78,0.19,0.00,603408,10.70,不复权,正常交易,,,
2023-06-05,603408,10.930,10.890,10.930,10.800,673613,7335645.57,1.20,0.00,0.00,0.00,603408,10.89,不复权,正常交易,,,
2023-06-06,603408,10.890,10.740,10.900,10.720,673613,7234603.62,1.68,-1.38,-0.15,0.00,603408,10.89,不复权,正常交易,,,
2023-06-07,603408,10.770,10.720,10.820,10.660,607300,6510256.00,1.50,-0.19,-0.02,0.00,603408,10.74,不复权,正常交易,,,
2023-06-08,603408,10.720,10.750,10.800,10.670,532500,5724375.00,1.22,0.28,0.03,0.00,603408,10.72,不复权,正常交易,,,
2023-06-09,603408,10.760,10.640,10.790,10.620,648757,6902774.48,1.60,-1.02,-0.11,0.00,603408,10.75,不复权,正常交易,,,
2023-06-12,603408,10.620,10.820,10.840,10.580,681800,7377076.00,2.46,1.69,0.18,0.00,603408,10.64,不复权,正常交易,,,
2023-06-13,603408,10.750,10.850,10.900,10.730,639000,6933150.00,1.58,0.28,0.03,0.00,603408,10.82,不复权,正常交易,,,
2023-06-14,603408,10.880,10.800,10.980,10.800,957600,10342080.00,1.67,-0.46,-0.05,0.00,603408,10.85,不复权,正常交易,,,
2023-06-15,603408,10.810,10.810,10.870,10.770,1068300,11548323.00,0.93,0.09,0.01,0.00,603408,10.80,不复权,正常交易,,,
2023-06-16,603408,10.850,10.820,10.900,10.800,831500,8996830.00,0.93,0.09,0.01,0.00,603408,10.81,不复权,正常交易,,,
2023-06-19,603408,10.850,10.650,10.850,10.640,891100,9490215.00,1.97,-1.57,-0.17,0.00,603408,10.82,不复权,正常交易,,,
2023-06-20,603408,10.650,10.500,10.650,10.400,1481200,15552600.00,2.40,-1.41,-0.15,0.00,603408,10.65,不复权,正常交易,,,
2023-06-21,603408,10.070,10.000,10.120,9.970,1190700,11907000.00,1.50,-4.76,-0.50,0.00,603408,10.50,不复权,正常交易,,,
2023-06-26,603408,9.990,9.950,10.000,9.900,1058000,10527100.00,1.01,-0.50,-0.05,0.00,603408,10.00,不复权,正常交易,,,
2023-06-27,603408,9.960,10.270,10.290,9.900,1374400,14115088.00,3.94,3.22,0.32,0.00,603408,9.95,不复权,正常交易,,,
2023-06-28,603408,10.230,10.270,10.330,10.190,985800,10124166.00,1.37,0.00,0.00,0.00,603408,10.27,不复权,正常交易,,,
2023-06-29,603408,10.270,10.270,10.380,10.250,789913,8112406.51,1.27,0.00,0.00,0.00,603408,10.27,不复权,正常交易,,,
2023-06-30,603408,10.530,10.390,10.640,10.380,2168613,22531889.07,2.50,1.17,0.12,0.00,603408,10.27,不复权,正常交易,,,
2023-07-03,603408,10.370,10.580,10.650,10.210,1950800,20639464.00,4.31,1.83,0.19,0.00,603408,10.39,不复权,正常交易,,,
2023-07-04,603408,10.600,10.580,10.640,10.490,1095600,11591448.00,1.43,0.00,0.00,0.00,603408,10.58,不复权,正常交易,,,
2023-07-05,603408,10.590,10.500,10.670,10.470,1000000,10500000.00,1.91,-0.76,-0.08,0.00,603408,10.58,不复权,正常交易,,,
2023-07-06,603408,10.490,10.390,10.490,10.360,946400,9833096.00,1.25,-1.05,-0.11,0.00,603408,10.50,不复权,正常交易,,,
2023-07-07,603408,10.390,10.400,10.460,10.360,691800,7194720.00,0.97,0.10,0.01,0.00,603408,10.39,不复权,正常交易,,,
2023-07-10,603408,10.420,10.600,10.650,10.360,1557212,16506447.20,2.80,1.92,0.20,0.00,603408,10.40,不复权,正常交易,,,
2023-07-11,603408,10.600,10.770,10.770,10.600,1188254,12797495.58,1.60,1.60,0.17,0.00,603408,10.60,不复权,正常交易,,,
2023-07-12,603408,10.940,10.710,10.940,10.680,1162000,12445020.00,2.43,-0.56,-0.06,0.00,603408,10.77,不复权,正常交易,,,
2023-07-13,603408,10.730,10.990,11.010,10.730,2093500,23007565.00,2.61,2.61,0.28,0.00,603408,10.71,不复权,正常交易,,,
2023-07-14,603408,11.150,11.030,11.150,10.910,1277500,14090825.00,2.20,0.36,0.04,0.00,603408,10.99,不复权,正常交易,,,
2023-07-17,603408,11.070,11.220,11.240,10.950,1734423,19460226.06,2.65,1.72,0.19,0.00,603408,11.03,不复权,正常交易,,,
2023-07-18,603408,11.210,11.390,11.420,11.110,2399053,27325213.67,2.79,1.52,0.17,0.00,603408,11.22,不复权,正常交易,,,
2023-07-19,603408,11.880,11.280,11.880,10.960,7679476,86624489.28,8.39,-0.97,-0.11,0.00,603408,11.39,不复权,正常交易,,,
2023-07-20,603408,11.260,11.610,12.080,11.050,10682626,124025287.86,9.32,2.93,0.33,0.00,603408,11.28,不复权,正常交易,,,
2023-07-21,603408,11.290,10.660,11.290,10.570,7418500,79081210.00,6.81,-8.18,-0.95,0.00,603408,11.61,不复权,正常交易,,,
2023-07-24,603408,10.660,10.450,10.660,10.430,2929800,30616410.00,2.21,-1.97,-0.21,0.00,603408,10.66,不复权,正常交易,,,
2023-07-25,603408,10.550,10.800,10.930,10.550,4089396,44165476.80,3.60,3.35,0.35,0.00,603408,10.45,不复权,正常交易,,,
2023-07-26,603408,10.820,10.770,10.870,10.730,1466396,15793084.92,1.30,-0.28,-0.03,0.00,603408,10.80,不复权,正常交易,,,
2023-07-27,603408,10.730,10.630,10.830,10.600,1396800,14847984.00,2.17,-1.30,-0.14,0.00,603408,10.77,不复权,正常交易,,,
2023-07-28,603408,10.640,10.850,10.920,10.600,2307700,25038545.00,3.02,2.07,0.22,0.00,603408,10.63,不复权,正常交易,,,
2023-07-31,603408,10.950,11.000,11.140,10.860,2117500,23292500.00,2.58,1.38,0.15,0.00,603408,10.85,不复权,正常交易,,,
2023-08-01,603408,11.020,11.000,11.080,10.940,1329800,14627800.00,1.28,0.00,0.00,0.00,603408,11.00,不复权,正常交易,,,
2023-08-02,603408,11.040,10.970,11.040,10.930,963900,10573983.00,1.01,-0.27,-0.03,0.00,603408,11.00,不复权,正常交易,,,
2023-08-03,603408,11.000,10.960,11.030,10.880,1141913,12515366.48,1.38,-0.09,-0.01,0.00,603408,10.97,不复权,正常交易,,,
2023-08-04,603408,10.970,10.940,11.050,10.920,1127100,12330474.00,1.19,-0.18,-0.02,0.00,603408,10.96,不复权,正常交易,,,
2023-08-07,603408,10.960,10.820,10.990,10.760,1138700,12320734.00,2.14,-1.10,-0.12,0.00,603408,10.94,不复权,正常交易,,,
2023-08-08,603408,10.830,10.820,10.830,10.690,845800,9151556.00,1.31,0.00,0.00,0.00,603408,10.82,不复权,正常交易,,,
2023-08-09,603408,10.830,10.730,10.830,10.700,617600,6626848.00,1.21,-0.83,-0.09,0.00,603408,10.82,不复权,正常交易,,,
2023-08-10,603408,10.690,10.760,10.810,10.690,641200,6899312.00,1.12,0.28,0.03,0.00,603408,10.73,不复权,正常交易,,,
2023-08-11,603408,10.810,10.640,10.810,10.620,546000,5809440.00,1.79,-1.12,-0.12,0.00,603408,10.76,不复权,正常交易,,,
2023-08-14,603408,10.630,10.690,10.690,10.470,710900,7599521.00,2.10,0.47,0.05,0.00,603408,10.64,不复权,正常交易,,,
2023-08-15,603408,10.640,10.710,10.770,10.640,636600,6817986.00,1.22,0.19,0.02,0.00,603408,10.69,不复权,正常交易,,,
2023-08-16,603408,10.690,10.720,10.820,10.600,683700,7329264.00,2.08,0.09,0.01,0.00,603408,10.71,不复权,正常交易,,,
2023-08-17,603408,10.760,10.980,11.000,10.600,1348700,14808726.00,3.77,2.43,0.26,0.00,603408,10.72,不复权,正常交易,,,
2023-08-18,603408,10.990,11.010,11.080,10.940,1488200,16385082.00,1.28,0.27,0.03,0.00,603408,10.98,不复权,正常交易,,,
2023-08-21,603408,11.010,11.060,11.250,10.970,2318100,25638186.00,2.55,0.45,0.05,0.00,603408,11.01,不复权,正常交易,,,
2023-08-22,603408,11.050,11.060,11.120,10.680,2330200,25772012.00,4.12,0.00,0.00,0.00,603408,11.06,不复权,正常交易,,,
2023-08-23,603408,11.000,10.200,11.100,10.160,5223200,53276640.00,9.25,-7.78,-0.86,0.00,603408,11.06,不复权,正常交易,,,
2023-08-24,603408,10.320,10.180,10.350,10.070,2058500,20955530.00,2.78,-0.20,-0.02,0.00,603408,10.20,不复权,正常交易,,,
2023-08-25,603408,10.190,10.200,10.500,10.160,2366800,24141360.00,3.35,0.20,0.02,0.00,603408,10.18,不复权,正常交易,,,
2023-08-28,603408,10.550,10.410,10.660,10.330,3434813,35756403.33,3.19,2.06,0.21,0.00,603408,10.20,不复权,正常交易,,,
2023-08-29,603408,10.330,10.850,10.870,10.330,3135026,34015032.10,5.23,4.23,0.44,0.00,603408,10.41,不复权,正常交易,,,
2023-08-30,603408,10.930,11.180,11.220,10.880,3451026,38582470.68,3.12,3.04,0.33,0.00,603408,10.85,不复权,正常交易,,,
2023-08-31,603408,11.190,11.210,11.300,11.040,2833200,31760172.00,2.36,0.27,0.03,0.00,603408,11.18,不复权,正常交易,,,
2023-09-01,603408,11.260,11.320,11.370,11.220,2713600,30717952.00,1.34,0.98,0.11,0.00,603408,11.21,不复权,正常交易,,,
2023-09-04,603408,11.420,11.700,11.780,11.420,4633400,54210780.00,3.15,3.36,0.38,0.00,603408,11.32,不复权,正常交易,,,
2023-09-05,603408,11.680,11.560,11.760,11.540,3148900,36401284.00,1.91,-1.20,-0.14,0.00,603408,11.70,不复权,正常交易,,,
2023-09-06,603408,11.670,11.530,11.690,11.470,2427426,27988221.78,1.92,-0.26,-0.03,0.00,603408,11.56,不复权,正常交易,,,
2023-09-07,603408,11.580,11.520,11.750,11.500,2078453,23943778.56,2.17,-0.09,-0.01,0.00,603408,11.53,不复权,正常交易,,,
2023-09-08,603408,11.460,11.450,11.670,11.400,2191800,25096110.00,2.37,-0.61,-0.07,0.00,603408,11.52,不复权,正常交易,,,
2023-09-11,603408,11.550,11.180,11.550,11.160,2046100,22875398.00,3.49,-2.36,-0.27,0.00,603408,11.45,不复权,正常交易,,,
2023-09-12,603408,11.200,11.280,11.350,11.080,1994300,22495704.00,2.44,0.89,0.10,0.00,603408,11.18,不复权,正常交易,,,
2023-09-13,603408,11.430,11.440,11.690,11.320,3041300,34792472.00,3.27,1.42,0.16,0.00,603408,11.28,不复权,正常交易,,,
2023-09-14,603408,11.410,11.240,11.410,11.040,2058400,23136416.00,3.35,-1.75,-0.20,0.00,603408,11.44,不复权,正常交易,,,
2023-09-15,603408,11.350,11.050,11.350,11.030,1187500,13121875.00,2.90,-1.69,-0.19,0.00,603408,11.24,不复权,正常交易,,,
2023-09-18,603408,11.020,11.300,11.340,10.990,1759900,19886870.00,3.18,2.26,0.25,0.00,603408,11.05,不复权,正常交易,,,
2023-09-19,603408,11.300,11.250,11.320,11.150,986600,11099250.00,1.52,-0.44,-0.05,0.00,603408,11.30,不复权,正常交易,,,
2023-09-20,603408,11.150,11.340,11.440,11.150,1227600,13920984.00,2.60,0.80,0.09,0.00,603408,11.25,不复权,正常交易,,,
2023-09-21,603408,11.310,11.190,11.370,11.170,1256600,14061354.00,1.79,-1.32,-0.15,0.00,603408,11.34,不复权,正常交易,,,
2023-09-22,603408,11.160,11.200,11.310,11.120,1207300,13521760.00,1.71,0.09,0.01,0.00,603408,11.19,不复权,正常交易,,,
2023-09-25,603408,11.200,11.190,11.290,11.130,708300,7925877.00,1.44,-0.09,-0.01,0.00,603408,11.20,不复权,正常交易,,,
2023-09-26,603408,11.150,11.100,11.200,11.060,616694,6845303.40,1.27,-0.80,-0.09,0.00,603408,11.19,不复权,正常交易,,,
2023-09-27,603408,11.080,11.080,11.190,11.010,1021700,11320436.00,1.63,-0.18,-0.02,0.00,603408,11.10,不复权,正常交易,,,
2023-09-28,603408,11.120,11.260,11.280,11.090,777400,8753524.00,1.71,1.62,0.18,0.00,603408,11.08,不复权,正常交易,,,
2023-10-09,603408,11.310,11.130,11.310,10.960,1765763,19652942.19,3.19,-1.15,-0.13,0.00,603408,11.26,不复权,正常交易,,,
2023-10-10,603408,11.130,10.990,11.140,10.950,947100,10408629.00,1.74,-1.26,-0.14,0.00,603408,11.13,不复权,正常交易,,,
2023-10-11,603408,11.080,11.120,11.160,10.990,819626,9114241.12,1.55,1.18,0.13,0.00,603408,10.99,不复权,正常交易,,,
2023-10-12,603408,11.130,11.050,11.130,10.950,786350,8689167.50,1.64,-0.63,-0.07,0.00,603408,11.12,不复权,正常交易,,,
2023-10-13,603408,11.050,10.860,11.050,10.810,1030326,11189340.36,2.22,-1.72,-0.19,0.00,603408,11.05,不复权,正常交易,,,
2023-10-16,603408,10.930,10.990,11.140,10.700,1071260,11773147.40,4.11,1.20,0.13,0.00,603408,10.86,不复权,正常交易,,,
2023-10-17,603408,10.980,10.860,11.050,10.750,1137113,12349047.18,2.79,-1.18,-0.13,0.00,603408,10.99,不复权,正常交易,,,
2023-10-18,603408,10.840,10.710,10.840,10.650,667162,7145305.02,1.78,-1.38,-0.15,0.00,603408,10.86,不复权,正常交易,,,
2023-10-19,603408,10.740,10.660,10.880,10.610,624962,6662094.92,2.54,-0.47,-0.05,0.00,603408,10.71,不复权,正常交易,,,
2023-10-20,603408,10.630,10.690,10.850,10.630,797700,8527413.00,2.07,0.28,0.03,0.00,603408,10.66,不复权,正常交易,,,
2023-10-23,603408,10.680,10.360,10.710,10.340,1152715,11942127.40,3.58,-3.09,-0.33,0.00,603408,10.69,不复权,正常交易,,,
2023-10-24,603408,10.550,10.850,10.850,10.380,1274300,13826155.00,4.53,4.73,0.49,0.00,603408,10.36,不复权,正常交易,,,
2023-10-25,603408,10.850,10.690,10.900,10.630,1006200,10756278.00,2.54,-1.47,-0.16,0.00,603408,10.85,不复权,正常交易,,,
2023-10-26,603408,10.630,10.800,10.800,10.580,919200,9927360.00,2.08,1.03,0.11,0.00,603408,10.69,不复权,正常交易,,,
2023-10-27,603408,10.750,11.000,11.040,10.710,979500,10774500.00,3.08,1.85,0.20,0.00,603408,10.80,不复权,正常交易,,,
2023-10-30,603408,11.440,12.100,12.100,11.180,6985860,84528906.00,8.23,10.00,1.10,0.00,603408,11.00,不复权,正常交易,,,
2023-10-31,603408,12.190,11.840,12.190,11.650,5483500,64924640.00,4.64,-2.15,-0.26,0.00,603408,12.10,不复权,正常交易,,,
2023-11-01,603408,11.750,11.600,11.790,11.560,4101637,47578989.20,1.99,-2.03,-0.24,0.00,603408,11.84,不复权,正常交易,,,
2023-11-02,603408,11.610,11.530,11.650,11.430,2872900,33124537.00,1.92,-0.60,-0.07,0.00,603408,11.60,不复权,正常交易,,,
2023-11-03,603408,11.480,11.530,11.610,11.430,2149600,24784888.00,1.57,0.00,0.00,0.00,603408,11.53,不复权,正常交易,,,
2023-11-06,603408,11.530,11.600,11.620,11.440,2573200,29849120.00,1.57,0.61,0.07,0.00,603408,11.53,不复权,正常交易,,,
2023-11-07,603408,11.600,11.650,11.670,11.460,2340500,27266825.00,1.83,0.43,0.05,0.00,603408,11.60,不复权,正常交易,,,
2023-11-08,603408,11.630,11.670,11.780,11.550,2172500,25353075.00,1.99,0.17,0.02,0.00,603408,11.65,不复权,正常交易,,,
2023-11-09,603408,11.690,11.720,11.890,11.650,1974700,23143484.00,2.06,0.43,0.05,0.00,603408,11.67,不复权,正常交易,,,
2023-11-10,603408,11.670,11.730,11.850,11.560,1514400,17763912.00,2.51,0.09,0.01,0.00,603408,11.72,不复权,正常交易,,,
2023-11-13,603408,11.710,11.870,11.950,11.660,2123100,25201197.00,2.49,1.19,0.14,0.00,603408,11.73,不复权,正常交易,,,
2023-11-14,603408,11.870,11.910,11.960,11.760,1854200,22083522.00,1.70,0.34,0.04,0.00,603408,11.87,不复权,正常交易,,,
2023-11-15,603408,11.980,11.880,11.980,11.790,1293000,15360840.00,1.61,-0.25,-0.03,0.00,603408,11.91,不复权,正常交易,,,
2023-11-16,603408,11.870,11.780,11.890,11.780,1028500,12115730.00,0.93,-0.84,-0.10,0.00,603408,11.88,不复权,正常交易,,,
2023-11-17,603408,11.810,11.840,11.870,11.740,970813,11494425.92,1.11,0.51,0.06,0.00,603408,11.78,不复权,正常交易,,,
2023-11-20,603408,11.900,11.850,11.980,11.800,1466000,17372100.00,1.53,0.08,0.01,0.00,603408,11.84,不复权,正常交易,,,
2023-11-21,603408,11.860,11.880,11.990,11.820,1719700,20430036.00,1.44,0.25,0.03,0.00,603408,11.85,不复权,正常交易,,,
2023-11-22,603408,11.860,11.890,11.990,11.860,1516000,18025240.00,1.10,0.08,0.01,0.00,603408,11.88,不复权,正常交易,,,
2023-11-23,603408,11.890,12.060,12.090,11.850,1959700,23633982.00,2.03,1.43,0.17,0.00,603408,11.89,不复权,正常交易,,,
2023-11-24,603408,12.070,11.930,12.140,11.880,1435700,17127901.00,2.19,-1.08,-0.13,0.00,603408,12.06,不复权,正常交易,,,
2023-11-27,603408,11.900,11.870,11.920,11.700,1643900,19513093.00,1.88,-0.50,-0.06,0.00,603408,11.93,不复权,正常交易,,,
2023-11-28,603408,11.870,11.940,12.000,11.780,1773400,21174396.00,1.87,0.59,0.07,0.00,603408,11.87,不复权,正常交易,,,
2023-11-29,603408,11.930,11.850,11.960,11.800,1272100,15074385.00,1.36,-0.75,-0.09,0.00,603408,11.94,不复权,正常交易,,,
2023-11-30,603408,11.870,11.830,11.890,11.720,1401500,16579745.00,1.45,-0.17,-0.02,0.00,603408,11.85,不复权,正常交易,,,
2023-12-01,603408,11.850,11.850,11.950,11.760,1590100,18842685.00,1.62,0.17,0.02,0.00,603408,11.83,不复权,正常交易,,,
2023-12-04,603408,11.880,11.950,11.990,11.850,2163500,25853825.00,1.18,0.84,0.10,0.00,603408,11.85,不复权,正常交易,,,
2023-12-05,603408,11.960,11.720,11.970,11.720,1336761,15666838.92,2.13,-1.92,-0.23,0.00,603408,11.95,不复权,正常交易,,,
2023-12-06,603408,11.720,11.820,11.860,11.660,1324661,15657493.02,1.72,0.85,0.10,0.00,603408,11.72,不复权,正常交易,,,
2023-12-07,603408,11.820,11.830,11.880,11.720,1320400,15620332.00,1.37,0.08,0.01,0.00,603408,11.82,不复权,正常交易,,,
2023-12-08,603408,11.930,11.550,11.930,11.540,1611300,18610515.00,3.38,-2.37,-0.28,0.00,603408,11.83,不复权,正常交易,,,
2023-12-11,603408,11.490,11.560,11.690,11.440,2009400,23228664.00,2.19,0.09,0.01,0.00,603408,11.55,不复权,正常交易,,,
2023-12-12,603408,11.510,11.650,11.660,11.490,1120900,13058485.00,1.48,0.78,0.09,0.00,603408,11.56,不复权,正常交易,,,
2023-12-13,603408,11.760,11.620,11.770,11.440,1311300,15237306.00,2.88,-0.26,-0.03,0.00,603408,11.65,不复权,正常交易,,,
2023-12-14,603408,11.630,11.580,11.700,11.550,984100,11395878.00,1.30,-0.34,-0.04,0.00,603408,11.62,不复权,正常交易,,,
2023-12-15,603408,11.580,11.680,11.750,11.580,1103500,12888880.00,1.47,0.86,0.10,0.00,603408,11.58,不复权,正常交易,,,
2023-12-18,603408,11.680,11.710,12.260,11.550,4175683,48897247.93,6.15,0.26,0.03,0.00,603408,11.68,不复权,正常交易,,,
2023-12-19,603408,11.740,11.570,11.790,11.450,2625600,30378192.00,2.97,-1.20,-0.14,0.00,603408,11.71,不复权,正常交易,,,
2023-12-20,603408,11.620,11.580,11.880,11.570,2169600,25123968.00,2.68,0.09,0.01,0.00,603408,11.57,不复权,正常交易,,,
2023-12-21,603408,11.550,12.100,12.150,11.460,4320960,52283616.00,6.02,4.49,0.52,0.00,603408,11.58,不复权,正常交易,,,
2023-12-22,603408,12.350,12.850,13.300,12.350,13891311,178503346.35,7.69,6.20,0.75,0.00,603408,12.10,不复权,正常交易,,,
2023-12-25,603408,12.680,12.670,13.040,12.170,9593850,121554079.50,7.15,-1.40,-0.18,0.00,603408,12.85,不复权,正常交易,,,
2023-12-26,603408,12.600,12.610,13.250,12.450,8229250,103770842.50,6.43,-0.47,-0.06,0.00,603408,12.67,不复权,正常交易,,,
2023-12-27,603408,12.600,12.920,13.030,12.430,6768300,87446436.00,4.83,2.46,0.31,0.00,603408,12.61,不复权,正常交易,,,
2023-12-28,603408,12.810,13.100,13.250,12.510,6898465,90369891.50,5.92,1.39,0.18,0.00,603408,12.92,不复权,正常交易,,,
2023-12-29,603408,13.100,12.840,13.170,12.670,5277700,67765668.00,3.95,-1.98,-0.26,0.00,603408,13.10,不复权,正常交易,,,
2024-01-02,603408,12.820,13.100,13.210,12.730,5112688,66976212.80,3.77,2.02,0.26,0.00,603408,12.84,不复权,正常交易,,,
2024-01-03,603408,13.000,12.870,13.250,12.810,4566200,58766994.00,3.43,-1.76,-0.23,0.00,603408,13.10,不复权,正常交易,,,
2024-01-04,603408,12.780,13.040,13.060,12.780,3098300,40401832.00,2.19,1.32,0.17,0.00,603408,12.87,不复权,正常交易,,,
2024-01-05,603408,13.100,12.950,13.800,12.860,6721540,87043943.00,7.31,-0.69,-0.09,0.00,603408,13.04,不复权,正常交易,,,
2024-01-08,603408,12.930,12.910,13.130,12.720,5371600,69347356.00,3.22,-0.31,-0.04,0.00,603408,12.95,不复权,正常交易,,,
2024-01-09,603408,13.000,13.560,13.740,12.960,7439466,100879158.96,6.02,5.03,0.65,0.00,603408,12.91,不复权,正常交易,,,
2024-01-10,603408,13.430,13.160,13.500,13.030,5260615,69229693.40,3.61,-2.95,-0.40,0.00,603408,13.56,不复权,正常交易,,,
2024-01-11,603408,13.130,13.360,13.620,13.060,4853488,64842599.68,4.29,1.52,0.20,0.00,603408,13.16,不复权,正常交易,,,
2024-01-12,603408,13.350,13.200,13.640,13.190,3029400,39988080.00,3.41,-1.20,-0.16,0.00,603408,13.36,不复权,正常交易,,,
2024-01-15,603408,13.200,13.230,13.360,13.100,2226100,29451303.00,1.98,0.23,0.03,0.00,603408,13.20,不复权,正常交易,,,
2024-01-16,603408,13.280,13.350,13.370,12.990,3145700,41995095.00,2.93,0.91,0.12,0.00,603408,13.23,不复权,正常交易,,,
2024-01-17,603408,13.280,13.280,13.510,13.210,2493409,33112471.52,2.27,-0.52,-0.07,0.00,603408,13.35,不复权,正常交易,,,
2024-01-18,603408,13.230,13.430,13.430,12.920,3407122,45757648.46,3.95,1.13,0.15,0.00,603408,13.28,不复权,正常交易,,,
2024-01-19,603408,13.350,13.550,13.720,13.230,4651300,63025115.00,3.70,0.89,0.12,0.00,603408,13.43,不复权,正常交易,,,
2024-01-22,603408,13.550,12.650,13.770,12.550,5739564,72605484.60,9.72,-6.64,-0.90,0.00,603408,13.55,不复权,正常交易,,,
2024-01-23,603408,12.570,12.540,12.660,12.120,4492358,56334169.32,4.46,-0.87,-0.11,0.00,603408,12.65,不复权,正常交易,,,
2024-01-24,603408,12.500,13.090,13.360,12.420,4287400,56122066.00,7.57,4.39,0.55,0.00,603408,12.54,不复权,正常交易,,,
2024-01-25,603408,12.940,13.000,13.100,12.720,2685000,34905000.00,2.99,-0.69,-0.09,0.00,603408,13.09,不复权,正常交易,,,
2024-01-26,603408,13.000,12.760,13.270,12.710,1829158,23340056.08,4.41,-1.85,-0.24,0.00,603408,13.00,不复权,正常交易,,,
2024-01-29,603408,12.960,12.270,13.100,12.230,3014415,36986872.05,7.11,-3.84,-0.49,0.00,603408,12.76,不复权,正常交易,,,
2024-01-30,603408,12.170,11.540,12.170,11.520,3759088,43379875.52,5.64,-5.95,-0.73,0.00,603408,12.27,不复权,正常交易,,,
2024-01-31,603408,11.540,10.760,11.540,10.710,4442200,47798072.00,7.75,-6.76,-0.78,0.00,603408,11.54,不复权,正常交易,,,
2024-02-01,603408,10.790,10.620,10.840,10.170,3920500,41635710.00,6.59,-1.30,-0.14,0.00,603408,10.76,不复权,正常交易,,,
2024-02-02,603408,10.600,10.080,10.720,9.750,4235603,42694878.24,9.95,-5.08,-0.54,0.00,603408,10.62,不复权,正常交易,,,
2024-02-05,603408,10.180,9.810,10.360,9.280,5308788,52079210.28,11.64,-2.68,-0.27,0.00,603408,10.08,不复权,正常交易,,,
2024-02-06,603408,9.750,10.140,10.450,9.100,5216600,52896324.00,14.84,3.36,0.33,0.00,603408,9.81,不复权,正常交易,,,
2024-02-07,603408,10.000,9.490,10.280,9.360,6510379,61783496.71,9.83,-6.41,-0.65,0.00,603408,10.14,不复权,正常交易,,,
2024-02-08,603408,9.610,10.440,10.440,9.240,5476700,57176748.00,12.99,10.01,0.95,0.00,603408,9.49,不复权,正常交易,,,
2024-02-19,603408,10.580,11.030,11.200,10.370,4572521,50434906.63,8.00,5.65,0.59,0.00,603408,10.44,不复权,正常交易,,,
2024-02-20,603408,10.980,11.170,11.280,10.950,2004784,22393437.28,3.01,1.27,0.14,0.00,603408,11.03,不复权,正常交易,,,
2024-02-21,603408,11.030,11.130,11.380,11.000,2174039,24197054.07,3.45,-0.36,-0.04,0.00,603408,11.17,不复权,正常交易,,,
2024-02-22,603408,11.140,11.240,11.260,11.060,1306900,14689556.00,1.81,0.99,0.11,0.00,603408,11.13,不复权,正常交易,,,
2024-02-23,603408,11.310,11.460,11.470,11.150,1286554,14743908.84,2.87,1.96,0.22,0.00,603408,11.24,不复权,正常交易,,,
2024-02-26,603408,11.300,11.710,11.880,11.300,2294704,26870983.84,5.13,2.18,0.25,0.00,603408,11.46,不复权,正常交易,,,
2024-02-27,603408,11.610,11.900,11.940,11.520,2404639,28615204.10,3.65,1.62,0.19,0.00,603408,11.71,不复权,正常交易,,,
2024-02-28,603408,11.940,11.200,12.030,11.200,4087350,45778320.00,7.41,-5.88,-0.70,0.00,603408,11.90,不复权,正常交易,,,
2024-02-29,603408,11.100,11.210,11.480,10.950,4398032,49301938.72,4.84,0.09,0.01,0.00,603408,11.20,不复权,正常交易,,,
2024-03-01,603408,11.200,11.070,11.310,11.000,3647800,40381146.00,2.82,-1.25,-0.14,0.00,603408,11.21,不复权,正常交易,,,
2024-03-04,603408,11.050,11.170,11.280,10.950,3218419,35949740.23,3.01,0.90,0.10,0.00,603408,11.07,不复权,正常交易,,,
2024-03-05,603408,11.120,10.850,11.160,10.830,2311350,25078147.50,3.05,-2.86,-0.32,0.00,603408,11.17,不复权,正常交易,,,
2024-03-06,603408,10.830,11.000,11.100,10.830,1552509,17077599.00,2.49,1.38,0.15,0.00,603408,10.85,不复权,正常交易,,,
2024-03-07,603408,10.980,10.960,11.210,10.930,1496100,16397256.00,2.56,-0.36,-0.04,0.00,603408,11.00,不复权,正常交易,,,
2024-03-08,603408,10.920,11.010,11.090,10.910,745100,8203551.00,1.65,0.46,0.05,0.00,603408,10.96,不复权,正常交易,,,
2024-03-11,603408,10.990,11.140,11.140,10.840,1596200,17781668.00,2.77,1.18,0.13,0.00,603408,11.01,不复权,正常交易,,,
2024-03-12,603408,11.140,11.400,11.600,11.060,2018600,23012040.00,4.88,2.33,0.26,0.00,603408,11.14,不复权,正常交易,,,
2024-03-13,603408,11.360,11.540,11.700,11.280,1587000,18313980.00,3.72,1.23,0.14,0.00,603408,11.40,不复权,正常交易,,,
2024-03-14,603408,11.620,11.660,11.800,11.470,1622137,18914117.42,2.88,1.04,0.12,0.00,603408,11.54,不复权,正常交易,,,
2024-03-15,603408,11.660,11.770,11.770,11.520,1581337,18612336.49,2.17,0.94,0.11,0.00,603408,11.66,不复权,正常交易,,,
2024-03-18,603408,11.800,11.780,11.860,11.620,1727800,20353484.00,2.07,0.08,0.01,0.00,603408,11.77,不复权,正常交易,,,
2024-03-19,603408,11.800,12.020,12.300,11.740,3167690,38075633.80,4.77,2.04,0.24,0.00,603408,11.78,不复权,正常交易,,,
2024-03-20,603408,12.030,12.190,12.350,12.030,1906100,23235359.00,2.66,1.41,0.17,0.00,603408,12.02,不复权,正常交易,,,
2024-03-21,603408,12.160,12.320,12.340,12.060,1860660,22923331.20,2.32,1.07,0.13,0.00,603408,12.19,不复权,正常交易,,,
2024-03-22,603408,12.350,12.160,12.540,12.080,1588000,19310080.00,3.81,-1.30,-0.16,0.00,603408,12.32,不复权,正常交易,,,
2024-03-25,603408,12.110,12.230,12.480,12.110,2088800,25546024.00,3.06,0.58,0.07,0.00,603408,12.16,不复权,正常交易,,,
2024-03-26,603408,12.160,12.440,12.450,12.120,1584000,19704960.00,2.72,1.72,0.21,0.00,603408,12.23,不复权,正常交易,,,
2024-03-27,603408,12.420,12.360,12.600,12.260,1985800,24544488.00,2.77,-0.64,-0.08,0.00,603408,12.44,不复权,正常交易,,,
2024-03-28,603408,12.360,12.620,12.930,12.230,2797771,35307870.02,5.72,2.10,0.26,0.00,603408,12.36,不复权,正常交易,,,
2024-03-29,603408,12.530,12.780,12.890,12.400,3145900,40204602.00,3.95,1.27,0.16,0.00,603408,12.62,不复权,正常交易,,,
2024-04-01,603408,13.330,14.060,14.060,13.100,5726327,80512157.62,7.33,10.02,1.28,0.00,603408,12.78,不复权,正常交易,,,
2024-04-02,603408,14.500,14.210,14.590,13.790,13885182,197308436.22,5.80,1.07,0.15,0.00,603408,14.06,不复权,正常交易,,,
2024-04-03,603408,14.310,14.680,15.180,14.310,10658299,156463829.32,6.08,3.31,0.47,0.00,603408,14.21,不复权,正常交易,,,
2024-04-08,603408,14.350,15.000,15.340,14.350,9482979,142244685.00,6.90,2.18,0.32,0.00,603408,14.68,不复权,正常交易,,,
2024-04-09,603408,14.940,15.060,15.450,14.940,5547569,83546389.14,3.41,0.40,0.06,0.00,603408,15.00,不复权,正常交易,,,
2024-04-10,603408,15.000,14.950,15.150,14.680,4992937,74644408.15,3.20,-0.73,-0.11,0.00,603408,15.06,不复权,正常交易,,,
2024-04-11,603408,14.900,15.390,15.650,14.860,5782487,88992474.93,5.32,2.94,0.44,0.00,603408,14.95,不复权,正常交易,,,
2024-04-12,603408,15.390,15.880,15.970,15.390,5409866,85908672.08,3.77,3.18,0.49,0.00,603408,15.39,不复权,正常交易,,,
2024-04-15,603408,15.750,15.500,15.800,15.050,4908513,76081951.50,4.98,-2.39,-0.38,0.00,603408,15.88,不复权,正常交易,,,
2024-04-16,603408,15.090,14.780,15.340,14.600,5149200,76105176.00,5.07,-4.65,-0.72,0.00,603408,15.50,不复权,正常交易,,,
2024-04-17,603408,14.880,15.030,15.230,14.880,3433121,51599808.63,2.35,1.69,0.25,0.00,603408,14.78,不复权,正常交易,,,
2024-04-18,603408,15.140,15.360,15.560,15.010,3108200,47741952.00,3.66,2.20,0.33,0.00,603408,15.03,不复权,正常交易,,,
2024-04-19,603408,15.340,15.250,15.550,15.100,2722300,41515075.00,2.98,-0.72,-0.11,0.00,603408,15.36,不复权,正常交易,,,
2024-04-22,603408,15.130,15.420,15.950,15.130,3331426,51370588.92,5.42,1.11,0.17,0.00,603408,15.25,不复权,正常交易,,,
2024-04-23,603408,15.340,15.310,15.550,15.230,2197900,33649849.00,2.10,-0.71,-0.11,0.00,603408,15.42,不复权,正常交易,,,
2024-04-24,603408,15.350,15.580,15.610,15.240,1874076,29198104.08,2.43,1.76,0.27,0.00,603408,15.31,不复权,正常交易,,,
2024-04-25,603408,15.530,15.210,15.650,15.140,2507337,38136595.77,3.37,-2.37,-0.37,0.00,603408,15.58,不复权,正常交易,,,
2024-04-26,603408,15.090,15.500,15.670,15.090,3162700,49021850.00,3.84,1.91,0.29,0.00,603408,15.21,不复权,正常交易,,,
2024-04-29,603408,16.270,16.090,16.560,15.360,7343000,118148870.00,7.81,3.81,0.59,0.00,603408,15.50,不复权,正常交易,,,
2024-04-30,603408,15.920,15.960,16.410,15.860,4157078,66346964.88,3.47,-0.81,-0.13,0.00,603408,16.09,不复权,正常交易,,,
2024-05-06,603408,16.400,16.700,16.890,16.080,5443400,90904780.00,5.04,4.64,0.74,0.00,603408,15.96,不复权,正常交易,,,
2024-05-07,603408,16.750,16.560,16.990,16.280,4022078,66605611.68,4.36,-0.84,-0.14,0.00,603408,16.70,不复权,正常交易,,,
2024-05-08,603408,16.560,16.500,16.640,16.370,2675400,44144100.00,1.65,-0.36,-0.06,0.00,603408,16.56,不复权,正常交易,,,
2024-05-09,603408,16.680,16.650,16.780,16.510,1822300,30341295.00,1.64,0.91,0.15,0.00,603408,16.50,不复权,正常交易,,,
2024-05-10,603408,16.660,17.020,17.140,16.570,2818652,47973457.04,3.44,2.22,0.37,0.00,603408,16.65,不复权,正常交易,,,
2024-05-13,603408,17.010,17.060,17.200,16.680,2215644,37798886.64,3.12,0.24,0.04,0.00,603408,17.02,不复权,正常交易,,,
2024-05-14,603408,17.060,17.330,17.520,16.940,1721600,29835328.00,3.42,1.58,0.27,0.00,603408,17.06,不复权,正常交易,,,
2024-05-15,603408,17.360,17.380,17.750,17.270,2271200,39473456.00,2.78,0.29,0.05,0.00,603408,17.33,不复权,正常交易,,,
2024-05-16,603408,17.200,16.830,17.350,16.780,3457200,58184676.00,3.40,-3.16,-0.55,0.00,603408,17.38,不复权,正常交易,,,
2024-05-17,603408,16.460,16.250,16.560,15.930,3579178,58161642.50,3.95,-3.45,-0.58,0.00,603408,16.83,不复权,正常交易,,,
2024-05-20,603408,16.370,16.360,16.690,15.980,4207200,68829792.00,4.44,0.68,0.11,0.00,603408,16.25,不复权,正常交易,,,
2024-05-21,603408,16.180,16.250,16.450,16.100,2025728,32918080.00,2.17,-0.67,-0.11,0.00,603408,16.36,不复权,正常交易,,,
2024-05-22,603408,16.240,15.360,16.320,15.260,5138979,78934717.44,6.95,-5.48,-0.89,0.00,603408,16.25,不复权,正常交易,,,
2024-05-23,603408,15.220,15.340,15.470,15.180,3356500,51488710.00,1.91,-0.13,-0.02,0.00,603408,15.36,不复权,正常交易,,,
2024-05-24,603408,15.240,15.310,15.450,15.190,1966700,30110177.00,1.71,-0.20,-0.03,0.00,603408,15.34,不复权,正常交易,,,
2024-05-27,603408,15.310,15.450,15.510,15.210,2249800,34759410.00,1.97,0.91,0.14,0.00,603408,15.31,不复权,正常交易,,,
2024-05-28,603408,15.450,15.250,15.450,15.120,1941700,29610925.00,2.18,-1.29,-0.20,0.00,603408,15.45,不复权,正常交易,,,
2024-05-29,603408,15.250,15.000,15.290,14.830,2637224,39558360.00,3.10,-1.64,-0.25,0.00,603408,15.25,不复权,正常交易,,,
2024-05-30,603408,15.000,14.910,15.150,14.830,1745244,26021588.04,2.16,-0.60,-0.09,0.00,603408,15.00,不复权,正常交易,,,
2024-05-31,603408,14.980,14.970,15.180,14.860,2003500,29992395.00,2.15,0.40,0.06,0.00,603408,14.91,不复权,正常交易,,,
2024-06-03,603408,15.190,14.840,15.230,14.700,2503400,37150456.00,3.61,-0.87,-0.13,0.00,603408,14.97,不复权,正常交易,,,
2024-06-04,603408,14.740,14.660,14.780,14.490,3151600,46202456.00,2.00,-1.21,-0.18,0.00,603408,14.84,不复权,正常交易,,,
2024-06-05,603408,14.490,14.010,14.730,13.940,4120460,57727644.60,5.67,-4.43,-0.65,0.00,603408,14.66,不复权,正常交易,,,
2024-06-06,603408,14.040,13.660,14.160,13.350,5256450,71803107.00,6.07,-2.50,-0.35,0.00,603408,14.01,不复权,正常交易,,,
2024-06-07,603408,13.640,13.800,13.930,13.480,2917634,40263349.20,3.34,1.02,0.14,0.00,603408,13.66,不复权,正常交易,,,
2024-06-11,603408,13.650,13.940,13.990,13.600,3082613,42971625.22,2.87,1.01,0.14,0.00,603408,13.80,不复权,正常交易,,,
2024-06-12,603408,13.960,13.860,14.080,13.760,1318300,18271638.00,2.33,-0.57,-0.08,0.00,603408,13.94,不复权,正常交易,,,
2024-06-13,603408,13.890,13.810,14.030,13.720,1637600,22615256.00,2.26,-0.36,-0.05,0.00,603408,13.86,不复权,正常交易,,,
2024-06-14,603408,13.820,13.870,14.080,13.710,1606900,22287703.00,2.70,0.43,0.06,0.00,603408,13.81,不复权,正常交易,,,
2024-06-17,603408,13.760,13.660,13.950,13.540,2095000,28617700.00,3.03,-1.51,-0.21,0.00,603408,13.87,不复权,正常交易,,,
2024-06-18,603408,13.570,13.610,13.670,13.370,1963000,26716430.00,2.24,-0.37,-0.05,0.00,603408,13.66,不复权,正常交易,,,
2024-06-19,603408,13.570,13.500,13.780,13.420,1653220,22318470.00,2.68,-0.81,-0.11,0.00,603408,13.61,不复权,正常交易,,,
2024-06-20,603408,13.510,13.380,13.610,13.240,1838500,24599130.00,2.79,-0.89,-0.12,0.00,603408,13.50,不复权,正常交易,,,
2024-06-21,603408,13.210,13.460,13.580,13.210,1548198,20838745.08,2.80,0.60,0.08,0.00,603408,13.38,不复权,正常交易,,,
2024-06-24,603408,13.260,13.140,13.450,12.950,2529210,33233819.40,3.86,-2.38,-0.32,0.00,603408,13.46,不复权,正常交易,,,
2024-06-25,603408,12.990,13.150,13.410,12.990,1704525,22414503.75,3.23,0.08,0.01,0.00,603408,13.14,不复权,正常交易,,,
2024-06-26,603408,13.170,13.450,13.500,13.030,1542200,20742590.00,3.61,2.28,0.30,0.00,603408,13.15,不复权,正常交易,,,
2024-06-27,603408,13.330,13.210,13.560,13.150,1422300,18788583.00,3.12,-1.78,-0.24,0.00,603408,13.45,不复权,正常交易,,,
2024-06-28,603408,13.200,13.190,13.430,13.100,1505700,19860183.00,2.52,-0.15,-0.02,0.00,603408,13.21,不复权,正常交易,,,
2024-07-01,603408,13.230,13.320,13.360,12.940,2435200,32436864.00,3.25,0.99,0.13,0.00,603408,13.19,不复权,正常交易,,,
2024-07-02,603408,13.310,13.090,13.440,13.010,2100200,27491618.00,3.31,-1.73,-0.23,0.00,603408,13.32,不复权,正常交易,,,
2024-07-03,603408,13.250,13.090,13.330,13.070,2156300,28225967.00,1.99,0.00,0.00,0.00,603408,13.09,不复权,正常交易,,,
2024-07-04,603408,13.030,12.750,13.240,12.670,1880600,23977650.00,4.50,-2.60,-0.34,0.00,603408,13.09,不复权,正常交易,,,
2024-07-05,603408,12.620,12.910,12.940,12.610,1638400,21151744.00,2.62,1.25,0.16,0.00,603408,12.75,不复权,正常交易,,,
2024-07-08,603408,12.730,12.650,12.940,12.560,2642500,33427625.00,3.03,-2.01,-0.26,0.00,603408,12.91,不复权,正常交易,,,
2024-07-09,603408,12.660,12.950,13.030,12.520,3771500,48840925.00,4.07,2.37,0.30,0.00,603408,12.65,不复权,正常交易,,,
2024-07-10,603408,12.800,12.610,13.270,12.380,4218119,53190480.59,7.19,-2.63,-0.34,0.00,603408,12.95,不复权,正常交易,,,
2024-07-11,603408,12.630,12.810,12.930,12.520,2808652,35978832.12,3.27,1.59,0.20,0.00,603408,12.61,不复权,正常交易,,,
2024-07-12,603408,12.980,13.080,13.180,12.860,3160500,41339340.00,2.49,2.11,0.27,0.00,603408,12.81,不复权,正常交易,,,
2024-07-15,603408,12.770,12.620,13.000,12.570,2495319,31490925.78,3.42,-3.52,-0.46,0.00,603408,13.08,不复权,正常交易,,,
2024-07-16,603408,12.420,12.270,12.680,12.220,2252000,27632040.00,3.76,-2.77,-0.35,0.00,603408,12.62,不复权,正常交易,,,
2024-07-17,603408,12.260,12.180,12.330,12.070,2284100,27820338.00,2.15,-0.73,-0.09,0.00,603408,12.27,不复权,正常交易,,,
2024-07-18,603408,12.100,12.160,12.220,11.890,1992500,24228800.00,2.78,-0.16,-0.02,0.00,603408,12.18,不复权,正常交易,,,
2024-07-19,603408,12.030,12.070,12.160,11.970,1363700,16459859.00,1.59,-0.74,-0.09,0.00,603408,12.16,不复权,正常交易,,,
2024-07-22,603408,12.030,11.950,12.060,11.860,1478800,17671660.00,1.69,-0.99,-0.12,0.00,603408,12.07,不复权,正常交易,,,
2024-07-23,603408,11.940,11.610,11.940,11.580,1435900,16670799.00,3.11,-2.85,-0.34,0.00,603408,11.95,不复权,正常交易,,,
2024-07-24,603408,11.610,11.380,11.740,11.300,1520519,17303506.22,3.89,-1.98,-0.23,0.00,603408,11.61,不复权,正常交易,,,
2024-07-25,603408,11.260,11.300,11.450,11.200,1585577,17917020.10,2.23,-0.70,-0.08,0.00,603408,11.38,不复权,正常交易,,,
2024-07-26,603408,11.310,11.380,11.480,11.210,1172513,13343197.94,2.41,0.71,0.08,0.00,603408,11.30,不复权,正常交易,,,
2024-07-29,603408,11.470,11.270,11.490,11.210,2197500,24765825.00,2.50,-0.97,-0.11,0.00,603408,11.38,不复权,正常交易,,,
2024-07-30,603408,11.270,11.280,11.350,11.080,1617500,18245400.00,2.44,0.09,0.01,0.00,603408,11.27,不复权,正常交易,,,
2024-07-31,603408,11.280,11.740,11.790,11.210,3239172,38027879.28,5.17,4.08,0.46,0.00,603408,11.28,不复权,正常交易,,,
2024-08-01,603408,11.640,11.220,11.830,11.180,3776932,42377177.04,5.81,-4.43,-0.52,0.00,603408,11.74,不复权,正常交易,,,
2024-08-02,603408,11.160,11.230,11.460,11.050,2682300,30122229.00,3.71,0.09,0.01,0.00,603408,11.22,不复权,正常交易,,,
2024-08-05,603408,11.180,11.030,11.490,11.030,3148200,34724646.00,4.17,-1.78,-0.20,0.00,603408,11.23,不复权,正常交易,,,
2024-08-06,603408,11.070,11.310,11.320,11.060,1802200,20382882.00,2.35,2.54,0.28,0.00,603408,11.03,不复权,正常交易,,,
2024-08-07,603408,11.350,11.190,11.360,11.120,1396300,15624597.00,2.16,-1.06,-0.12,0.00,603408,11.31,不复权,正常交易,,,
2024-08-08,603408,11.230,11.300,11.380,11.050,1265800,14303540.00,2.99,0.98,0.11,0.00,603408,11.19,不复权,正常交易,,,
2024-08-09,603408,11.320,11.150,11.450,11.150,1658600,18493390.00,2.69,-1.33,-0.15,0.00,603408,11.30,不复权,正常交易,,,
2024-08-12,603408,11.130,11.280,11.440,11.080,2354400,26557632.00,3.25,1.17,0.13,0.00,603408,11.15,不复权,正常交易,,,
2024-08-13,603408,11.250,11.340,11.340,11.110,1588400,18012456.00,2.07,0.53,0.06,0.00,603408,11.28,不复权,正常交易,,,
2024-08-14,603408,11.350,11.170,11.360,11.130,1436100,16041237.00,2.07,-1.50,-0.17,0.00,603408,11.34,不复权,正常交易,,,
2024-08-15,603408,11.140,11.190,11.330,11.080,1750900,19592571.00,2.26,0.18,0.02,0.00,603408,11.17,不复权,正常交易,,,
2024-08-16,603408,11.150,11.050,11.290,11.020,2213400,24458070.00,2.45,-1.25,-0.14,0.00,603408,11.19,不复权,正常交易,,,
2024-08-19,603408,11.100,11.160,11.300,11.050,2272500,25361100.00,2.26,1.00,0.11,0.00,603408,11.05,不复权,正常交易,,,
2024-08-20,603408,11.160,10.890,11.200,10.840,1803900,19644471.00,3.32,-2.42,-0.27,0.00,603408,11.16,不复权,正常交易,,,
2024-08-21,603408,10.880,10.920,10.960,10.810,1041348,11371520.16,1.39,0.28,0.03,0.00,603408,10.89,不复权,正常交易,,,
2024-08-22,603408,10.920,10.840,10.980,10.750,1424700,15443748.00,2.14,-0.73,-0.08,0.00,603408,10.92,不复权,正常交易,,,
2024-08-23,603408,10.810,10.810,10.980,10.740,1614376,17451404.56,2.23,-0.28,-0.03,0.00,603408,10.84,不复权,正常交易,,,
2024-08-26,603408,10.770,10.950,10.970,10.120,4287500,46948125.00,8.40,1.30,0.14,0.00,603408,10.81,不复权,正常交易,,,
2024-08-27,603408,11.060,10.900,11.130,10.760,3371400,36748260.00,3.44,-0.46,-0.05,0.00,603408,10.95,不复权,正常交易,,,
2024-08-28,603408,10.840,11.050,11.050,10.840,2668030,29481731.50,1.94,1.38,0.15,0.00,603408,10.90,不复权,正常交易,,,
2024-08-29,603408,11.070,11.200,11.270,10.810,3089968,34607641.60,4.26,1.36,0.15,0.00,603408,11.05,不复权,正常交易,,,
2024-08-30,603408,11.150,11.030,11.260,10.910,4878096,53805398.88,3.21,-1.52,-0.17,0.00,603408,11.20,不复权,正常交易,,,
2024-09-02,603408,11.050,10.980,11.090,10.700,4232713,46475188.74,3.64,-0.45,-0.05,0.00,603408,11.03,不复权,正常交易,,,
2024-09-03,603408,10.880,11.210,11.320,10.880,2978796,33392303.16,4.04,2.09,0.23,0.00,603408,10.98,不复权,正常交易,,,
2024-09-04,603408,11.230,11.330,11.510,11.150,3476700,39391011.00,3.23,1.07,0.12,0.00,603408,11.21,不复权,正常交易,,,
2024-09-05,603408,11.460,11.530,11.580,11.320,3376100,38926433.00,2.30,1.77,0.20,0.00,603408,11.33,不复权,正常交易,,,
2024-09-06,603408,11.500,11.160,11.560,11.140,2545386,28406507.76,3.77,-3.21,-0.37,0.00,603408,11.53,不复权,正常交易,,,
2024-09-09,603408,11.070,10.670,11.130,10.610,3789400,40432898.00,4.90,-4.39,-0.49,0.00,603408,11.16,不复权,正常交易,,,
2024-09-10,603408,10.670,10.730,10.800,10.460,2762600,29642698.00,3.25,0.56,0.06,0.00,603408,10.67,不复权,正常交易,,,
2024-09-11,603408,10.670,10.820,10.840,10.630,1772400,19177368.00,1.98,0.84,0.09,0.00,603408,10.73,不复权,正常交易,,,
2024-09-12,603408,10.920,10.740,11.000,10.720,1281837,13766929.38,2.61,-0.74,-0.08,0.00,603408,10.82,不复权,正常交易,,,
2024-09-13,603408,10.750,10.510,10.860,10.500,1921500,20194965.00,3.43,-2.14,-0.23,0.00,603408,10.74,不复权,正常交易,,,
2024-09-18,603408,10.520,10.440,10.610,10.220,2098214,21905354.16,3.82,-0.67,-0.07,0.00,603408,10.51,不复权,正常交易,,,
2024-09-19,603408,10.520,10.720,10.780,10.450,2193214,23511254.08,3.16,2.68,0.28,0.00,603408,10.44,不复权,正常交易,,,
2024-09-20,603408,10.730,10.340,10.770,10.290,2312250,23908665.00,4.66,-3.54,-0.38,0.00,603408,10.72,不复权,正常交易,,,
2024-09-23,603408,10.380,10.350,10.440,10.260,2409000,24933150.00,1.75,0.10,0.01,0.00,603408,10.34,不复权,正常交易,,,
2024-09-24,603408,10.400,10.800,10.830,10.360,3276068,35381534.40,4.54,4.35,0.45,0.00,603408,10.35,不复权,正常交易,,,
2024-09-25,603408,10.850,10.890,11.130,10.850,2845300,30985317.00,2.58,0.83,0.09,0.00,603408,10.80,不复权,正常交易,,,
2024-09-26,603408,10.860,11.380,11.390,10.710,3112300,35417974.00,6.35,4.50,0.49,0.00,603408,10.89,不复权,正常交易,,,
2024-09-27,603408,11.580,11.790,11.820,11.420,2233000,26327070.00,3.50,3.60,0.41,0.00,603408,11.38,不复权,正常交易,,,
2024-09-30,603408,12.360,12.810,12.880,11.900,6917814,88617197.34,8.24,8.65,1.02,0.00,603408,11.79,不复权,正常交易,,,
2024-10-08,603408,14.050,13.030,14.070,12.510,8558300,111514649.00,12.47,1.72,0.22,0.00,603408,12.81,不复权,正常交易,,,
2024-10-09,603408,12.780,11.740,12.780,11.730,6348477,74531119.98,8.95,-9.90,-1.29,0.00,603408,13.03,不复权,正常交易,,,
2024-10-10,603408,11.750,11.930,12.150,11.640,4453852,53134454.36,4.38,1.62,0.19,0.00,603408,11.74,不复权,正常交易,,,
2024-10-11,603408,12.020,11.660,12.080,11.570,3376784,39373301.44,4.41,-2.26,-0.27,0.00,603408,11.93,不复权,正常交易,,,
2024-10-14,603408,11.700,12.010,12.160,11.560,4105432,49306238.32,5.19,3.00,0.35,0.00,603408,11.66,不复权,正常交易,,,
2024-10-15,603408,11.900,11.730,12.100,11.730,3063400,35933682.00,3.15,-2.33,-0.28,0.00,603408,12.01,不复权,正常交易,,,
2024-10-16,603408,11.650,11.800,12.010,11.650,2462830,29061394.00,3.09,0.60,0.07,0.00,603408,11.73,不复权,正常交易,,,
2024-10-17,603408,11.840,11.610,11.910,11.580,3072769,35674848.09,2.85,-1.61,-0.19,0.00,603408,11.80,不复权,正常交易,,,
2024-10-18,603408,11.640,11.840,12.040,11.560,3686500,43648160.00,4.15,1.98,0.23,0.00,603408,11.61,不复权,正常交易,,,
2024-10-21,603408,11.860,12.020,12.190,11.660,4226269,50799753.38,4.55,1.52,0.18,0.00,603408,11.84,不复权,正常交易,,,
2024-10-22,603408,11.990,12.210,12.270,11.940,3810623,46527706.83,2.76,1.58,0.19,0.00,603408,12.02,不复权,正常交易,,,
2024-10-23,603408,12.220,12.140,12.350,12.050,2478400,30087776.00,2.49,-0.57,-0.07,0.00,603408,12.21,不复权,正常交易,,,
2024-10-24,603408,12.130,12.410,12.560,12.050,3754802,46597092.82,4.23,2.22,0.27,0.00,603408,12.14,不复权,正常交易,,,
2024-10-25,603408,12.420,12.480,12.600,12.320,3656100,45628128.00,2.27,0.56,0.07,0.00,603408,12.41,不复权,正常交易,,,
2024-10-28,603408,12.930,13.220,13.250,12.710,8100732,107091677.04,4.25,5.93,0.74,0.00,603408,12.48,不复权,正常交易,,,
2024-10-29,603408,13.220,12.780,13.280,12.700,6448937,82417414.86,4.57,-3.33,-0.44,0.00,603408,13.22,不复权,正常交易,,,
2024-10-30,603408,12.800,12.940,13.220,12.800,4120802,53323177.88,3.28,1.25,0.16,0.00,603408,12.78,不复权,正常交易,,,
2024-10-31,603408,12.890,13.270,13.400,12.810,5290700,70207589.00,4.61,2.55,0.33,0.00,603408,12.94,不复权,正常交易,,,
2024-11-01,603408,13.400,13.110,13.880,13.090,5345903,70084788.33,6.04,-1.21,-0.16,0.00,603408,13.27,不复权,正常交易,,,
2024-11-04,603408,13.260,13.420,13.560,13.060,4519100,60646322.00,3.83,2.36,0.31,0.00,603408,13.11,不复权,正常交易,,,
2024-11-05,603408,13.360,13.480,13.490,13.230,4614996,62210146.08,1.97,0.45,0.06,0.00,603408,13.42,不复权,正常交易,,,
2024-11-06,603408,13.350,13.270,13.500,13.050,3855725,51165470.75,3.45,-1.56,-0.21,0.00,603408,13.48,不复权,正常交易,,,
2024-11-07,603408,13.050,13.380,13.490,13.050,3317212,44384296.56,3.37,0.83,0.11,0.00,603408,13.27,不复权,正常交易,,,
2024-11-08,603408,13.390,13.130,13.430,13.000,3947155,51826145.15,3.31,-1.87,-0.25,0.00,603408,13.38,不复权,正常交易,,,
2024-11-11,603408,13.140,13.110,13.200,12.910,2784664,36506945.04,2.25,-0.15,-0.02,0.00,603408,13.13,不复权,正常交易,,,
2024-11-12,603408,13.060,13.140,13.470,12.980,4084800,53674272.00,3.78,0.23,0.03,0.00,603408,13.11,不复权,正常交易,,,
2024-11-13,603408,13.190,13.310,13.380,12.920,3223500,42904785.00,3.56,1.29,0.17,0.00,603408,13.14,不复权,正常交易,,,
2024-11-14,603408,13.220,13.020,13.450,12.960,3337600,43455552.00,3.78,-2.18,-0.29,0.00,603408,13.31,不复权,正常交易,,,
2024-11-15,603408,13.020,12.900,13.180,12.890,2066200,26653980.00,2.25,-0.92,-0.12,0.00,603408,13.02,不复权,正常交易,,,
2024-11-18,603408,12.900,12.670,13.050,12.580,2761863,34992804.21,3.74,-1.78,-0.23,0.00,603408,12.90,不复权,正常交易,,,
2024-11-19,603408,12.750,12.960,13.010,12.620,2541455,32937256.80,3.09,2.29,0.29,0.00,603408,12.67,不复权,正常交易,,,
2024-11-20,603408,12.950,12.930,13.010,12.850,2135124,27607153.32,1.25,-0.23,-0.03,0.00,603408,12.96,不复权,正常交易,,,
2024-11-21,603408,12.870,13.080,13.100,12.850,2041100,26697588.00,1.95,1.16,0.15,0.00,603408,12.93,不复权,正常交易,,,
2024-11-22,603408,13.080,12.620,13.450,12.620,2844800,35901376.00,6.58,-3.52,-0.46,0.00,603408,13.08,不复权,正常交易,,,
2024-11-25,603408,12.660,12.890,12.930,12.660,2223975,28667037.75,2.13,2.14,0.27,0.00,603408,12.62,不复权,正常交易,,,
2024-11-26,603408,12.860,12.800,13.090,12.760,1903801,24368652.80,2.59,-0.70,-0.09,0.00,603408,12.89,不复权,正常交易,,,
2024-11-27,603408,12.800,13.110,13.110,12.540,2688081,35240741.91,4.55,2.42,0.31,0.00,603408,12.80,不复权,正常交易,,,
2024-11-28,603408,13.080,13.020,13.150,12.960,1741200,22670424.00,1.47,-0.69,-0.09,0.00,603408,13.11,不复权,正常交易,,,
2024-11-29,603408,13.000,13.300,13.400,12.990,3076586,40918593.80,3.16,2.15,0.28,0.00,603408,13.02,不复权,正常交易,,,
2024-12-02,603408,13.330,12.850,13.340,12.800,4568024,58699108.40,4.22,-3.38,-0.45,0.00,603408,13.30,不复权,正常交易,,,
2024-12-03,603408,12.930,12.750,12.930,12.640,3027176,38596494.00,2.29,-0.78,-0.10,0.00,603408,12.85,不复权,正常交易,,,
2024-12-04,603408,12.780,12.470,12.800,12.390,3832500,47791275.00,3.31,-2.20,-0.28,0.00,603408,12.75,不复权,正常交易,,,
2024-12-05,603408,12.370,12.430,12.480,12.260,2243400,27885462.00,1.79,-0.32,-0.04,0.00,603408,12.47,不复权,正常交易,,,
2024-12-06,603408,12.440,12.550,12.630,12.400,1610400,20210520.00,1.85,0.97,0.12,0.00,603408,12.43,不复权,正常交易,,,
2024-12-09,603408,12.710,12.610,12.770,12.500,2998300,37808563.00,2.16,0.48,0.06,0.00,603408,12.55,不复权,正常交易,,,
2024-12-10,603408,12.980,12.780,13.120,12.750,3362701,42975318.78,2.90,1.35,0.17,0.00,603408,12.61,不复权,正常交易,,,
2024-12-11,603408,12.780,12.880,12.980,12.750,2457400,31651312.00,1.80,0.78,0.10,0.00,603408,12.78,不复权,正常交易,,,
2024-12-12,603408,12.910,13.450,13.510,12.860,4034097,54258604.65,5.05,4.43,0.57,0.00,603408,12.88,不复权,正常交易,,,
2024-12-13,603408,13.300,13.100,13.380,13.060,3160223,41398921.30,2.45,-2.60,-0.35,0.00,603408,13.45,不复权,正常交易,,,
2024-12-16,603408,13.380,13.290,13.620,13.160,4557200,60565188.00,3.50,1.45,0.19,0.00,603408,13.10,不复权,正常交易,,,
2024-12-17,603408,13.230,12.670,13.300,12.600,3839700,48648999.00,5.56,-4.67,-0.62,0.00,603408,13.29,不复权,正常交易,,,
2024-12-18,603408,12.780,12.870,12.990,12.600,3259125,41944938.75,3.10,1.58,0.20,0.00,603408,12.67,不复权,正常交易,,,
2024-12-19,603408,12.630,12.930,12.980,12.630,2018625,26100821.25,2.77,0.47,0.06,0.00,603408,12.87,不复权,正常交易,,,
2024-12-20,603408,12.880,13.000,13.150,12.880,2104200,27354600.00,2.10,0.54,0.07,0.00,603408,12.93,不复权,正常交易,,,
2024-12-23,603408,12.980,12.590,13.060,12.580,3010693,37904624.87,3.82,-3.15,-0.41,0.00,603408,13.00,不复权,正常交易,,,
2024-12-24,603408,12.590,12.800,12.830,12.590,1924200,24629760.00,1.91,1.67,0.21,0.00,603408,12.59,不复权,正常交易,,,
2024-12-25,603408,12.800,12.510,12.880,12.400,1896700,23727717.00,3.87,-2.27,-0.29,0.00,603408,12.80,不复权,正常交易,,,
2024-12-26,603408,12.540,12.590,12.690,12.520,1307000,16455130.00,1.36,0.64,0.08,0.00,603408,12.51,不复权,正常交易,,,
2024-12-27,603408,12.590,12.730,12.850,12.560,1521725,19371559.25,2.31,1.11,0.14,0.00,603408,12.59,不复权,正常交易,,,
2024-12-30,603408,12.800,12.690,12.960,12.600,2006769,25465898.61,2.86,-0.31,-0.04,0.00,603408,12.73,不复权,正常交易,,,
2024-12-31,603408,12.730,12.530,12.860,12.460,2028847,25421452.91,3.21,-1.26,-0.16,0.00,603408,12.69,不复权,正常交易,,,
2025-01-02,603408,12.500,13.000,13.300,12.450,5970697,77619061.00,6.83,3.75,0.47,0.00,603408,12.53,不复权,正常交易,,,
2025-01-03,603408,12.980,12.430,13.340,12.390,5979100,74320213.00,7.67,-4.38,-0.57,0.00,603408,13.00,不复权,正常交易,,,
2025-01-06,603408,12.350,12.480,12.750,12.010,3718400,46405632.00,6.16,0.40,0.05,0.00,603408,12.43,不复权,正常交易,,,
2025-01-07,603408,12.430,12.990,13.000,12.430,4734900,61506351.00,4.59,4.09,0.51,0.00,603408,12.48,不复权,正常交易,,,
2025-01-08,603408,13.110,13.010,13.180,12.460,4767769,62028674.69,5.78,0.15,0.02,0.00,603408,12.99,不复权,正常交易,,,
2025-01-09,603408,12.880,12.740,13.150,12.710,3669193,46745518.82,3.46,-2.08,-0.27,0.00,603408,13.01,不复权,正常交易,,,
2025-01-10,603408,12.690,12.190,12.760,12.180,3484600,42477274.00,4.76,-4.32,-0.55,0.00,603408,12.74,不复权,正常交易,,,
2025-01-13,603408,12.160,11.940,12.440,11.820,4915400,58689876.00,5.25,-2.05,-0.25,0.00,603408,12.19,不复权,正常交易,,,
2025-01-14,603408,11.940,12.260,12.270,11.900,3391413,41578723.38,3.11,2.68,0.32,0.00,603408,11.94,不复权,正常交易,,,
2025-01-15,603408,12.270,12.890,13.050,12.240,6627955,85434339.95,6.62,5.14,0.63,0.00,603408,12.26,不复权,正常交易,,,
2025-01-16,603408,12.980,13.140,13.380,12.920,5256129,69065535.06,3.56,1.94,0.25,0.00,603408,12.89,不复权,正常交易,,,
2025-01-17,603408,12.990,13.020,13.130,12.830,2959600,38533992.00,2.34,-0.91,-0.12,0.00,603408,13.14,不复权,正常交易,,,
2025-01-20,603408,13.030,13.200,13.350,12.980,3529700,46592040.00,2.85,1.38,0.18,0.00,603408,13.02,不复权,正常交易,,,
2025-01-21,603408,13.300,13.630,13.780,13.130,7244836,98747114.68,4.95,3.26,0.43,0.00,603408,13.20,不复权,正常交易,,,
2025-01-22,603408,13.620,13.080,13.620,12.900,5547444,72560567.52,5.58,-4.04,-0.55,0.00,603408,13.63,不复权,正常交易,,,
2025-01-23,603408,13.310,12.960,13.310,12.920,3396122,44013741.12,3.02,-0.92,-0.12,0.00,603408,13.08,不复权,正常交易,,,
2025-01-24,603408,12.880,13.050,13.100,12.790,2453963,32024217.15,2.42,0.69,0.09,0.00,603408,12.96,不复权,正常交易,,,
2025-01-27,603408,13.130,13.570,13.850,13.130,5528100,75016317.00,5.48,3.98,0.52,0.00,603408,13.05,不复权,正常交易,,,
2025-02-05,603408,13.600,13.270,13.730,13.230,5222244,69299177.88,3.78,-2.21,-0.30,0.00,603408,13.57,不复权,正常交易,,,
2025-02-06,603408,13.270,13.460,13.600,13.120,4346976,58510296.96,3.66,1.43,0.19,0.00,603408,13.27,不复权,正常交易,,,
2025-02-07,603408,13.420,13.300,13.540,13.160,4576400,60866120.00,2.89,-1.19,-0.16,0.00,603408,13.46,不复权,正常交易,,,
2025-02-10,603408,13.230,13.130,13.460,13.090,4410563,57910692.19,2.83,-1.28,-0.17,0.00,603408,13.30,不复权,正常交易,,,
2025-02-11,603408,13.130,13.350,13.630,13.050,4962963,66255556.05,4.44,1.68,0.22,0.00,603408,13.13,不复权,正常交易,,,
2025-02-12,603408,13.250,13.300,13.470,13.170,3236788,43049280.40,2.28,-0.37,-0.05,0.00,603408,13.35,不复权,正常交易,,,
2025-02-13,603408,13.300,12.810,13.370,12.800,4927100,63116151.00,4.45,-3.68,-0.49,0.00,603408,13.30,不复权,正常交易,,,
2025-02-14,603408,12.850,12.770,13.210,12.700,3240913,41386459.01,4.02,-0.31,-0.04,0.00,603408,12.81,不复权,正常交易,,,
2025-02-17,603408,12.700,12.800,12.820,12.570,2659614,34043059.20,1.99,0.23,0.03,0.00,603408,12.77,不复权,正常交易,,,
2025-02-18,603408,12.820,12.420,12.840,12.360,3598500,44693370.00,3.88,-2.97,-0.38,0.00,603408,12.80,不复权,正常交易,,,
2025-02-19,603408,12.430,12.460,12.500,12.390,2051700,25564182.00,0.89,0.32,0.04,0.00,603408,12.42,不复权,正常交易,,,
2025-02-20,603408,12.510,12.660,12.690,12.490,1922300,24336318.00,1.60,1.61,0.20,0.00,603408,12.46,不复权,正常交易,,,
2025-02-21,603408,12.560,12.560,12.700,12.400,2180200,27383312.00,2.42,-0.79,-0.10,0.00,603408,12.66,不复权,正常交易,,,
2025-02-24,603408,12.560,12.590,12.720,12.520,2197300,27664007.00,1.60,0.24,0.03,0.00,603408,12.56,不复权,正常交易,,,
2025-02-25,603408,12.510,12.400,12.560,12.360,1933788,23978971.20,1.62,-1.51,-0.19,0.00,603408,12.59,不复权,正常交易,,,
2025-02-26,603408,12.430,12.540,12.640,12.420,1992525,24986263.50,1.77,1.13,0.14,0.00,603408,12.40,不复权,正常交易,,,
2025-02-27,603408,12.600,12.580,12.670,12.300,3134666,39434098.28,3.01,0.32,0.04,0.00,603408,12.54,不复权,正常交易,,,
2025-02-28,603408,12.580,12.410,12.640,12.350,2170500,26935905.00,2.35,-1.35,-0.17,0.00,603408,12.58,不复权,正常交易,,,
2025-03-03,603408,12.440,12.410,12.640,12.310,3187800,39560598.00,2.68,0.00,0.00,0.00,603408,12.41,不复权,正常交易,,,
2025-03-04,603408,12.430,12.530,12.600,12.280,2168600,27172558.00,2.61,0.97,0.12,0.00,603408,12.41,不复权,正常交易,,,
2025-03-05,603408,12.510,12.420,12.510,12.290,1816400,22559688.00,1.79,-0.88,-0.11,0.00,603408,12.53,不复权,正常交易,,,
2025-03-06,603408,12.440,12.470,12.510,12.350,2474800,30860756.00,1.30,0.40,0.05,0.00,603408,12.42,不复权,正常交易,,,
2025-03-07,603408,12.420,12.470,12.540,12.410,1534759,19138444.73,1.05,0.00,0.00,0.00,603408,12.47,不复权,正常交易,,,
2025-03-10,603408,12.470,12.550,12.630,12.450,2264600,28420730.00,1.45,0.64,0.08,0.00,603408,12.47,不复权,正常交易,,,
2025-03-11,603408,12.530,12.560,12.560,12.370,2144200,26931152.00,1.54,0.08,0.01,0.00,603408,12.55,不复权,正常交易,,,
2025-03-12,603408,12.580,12.480,12.610,12.440,2471893,30849224.64,1.37,-0.64,-0.08,0.00,603408,12.56,不复权,正常交易,,,
2025-03-13,603408,12.480,12.590,12.610,12.430,2388200,30067438.00,1.45,0.88,0.11,0.00,603408,12.48,不复权,正常交易,,,
2025-03-14,603408,12.590,12.930,12.930,12.560,3724400,48156492.00,2.95,2.70,0.34,0.00,603408,12.59,不复权,正常交易,,,
2025-03-17,603408,12.970,13.170,13.220,12.920,4288700,56482179.00,2.32,1.86,0.24,0.00,603408,12.93,不复权,正常交易,,,
2025-03-18,603408,13.170,13.400,13.550,13.010,4490752,60176076.80,4.15,1.75,0.23,0.00,603408,13.17,不复权,正常交易,,,
2025-03-19,603408,13.380,13.350,13.540,13.300,2893841,38632777.35,1.80,-0.37,-0.05,0.00,603408,13.40,不复权,正常交易,,,
2025-03-20,603408,13.380,13.600,13.640,13.360,3973801,54043693.60,2.10,1.87,0.25,0.00,603408,13.35,不复权,正常交易,,,
2025-03-21,603408,13.640,13.540,13.910,13.450,3385600,45841024.00,3.42,-0.44,-0.06,0.00,603408,13.60,不复权,正常交易,,,
2025-03-24,603408,13.450,13.610,13.690,13.440,3745100,50970811.00,1.86,0.52,0.07,0.00,603408,13.54,不复权,正常交易,,,
2025-03-25,603408,13.670,13.500,13.740,13.410,1944594,26252019.00,2.46,-0.81,-0.11,0.00,603408,13.61,不复权,正常交易,,,
2025-03-26,603408,13.400,13.490,13.600,13.400,1447800,19530822.00,1.49,-0.07,-0.01,0.00,603408,13.50,不复权,正常交易,,,
2025-03-27,603408,13.530,13.420,13.580,13.410,1587500,21304250.00,1.27,-0.52,-0.07,0.00,603408,13.49,不复权,正常交易,,,
2025-03-28,603408,13.390,13.390,13.510,13.280,1710200,22899578.00,1.73,-0.22,-0.03,0.00,603408,13.42,不复权,正常交易,,,
2025-03-31,603408,13.250,13.400,13.500,13.140,3343052,44796896.80,2.74,0.07,0.01,0.00,603408,13.39,不复权,正常交易,,,
2025-04-01,603408,13.400,13.520,13.860,13.330,2980200,40292304.00,3.98,0.90,0.12,0.00,603408,13.40,不复权,正常交易,,,
2025-04-02,603408,13.520,13.770,13.830,13.450,2050900,28240893.00,2.83,1.85,0.25,0.00,603408,13.52,不复权,正常交易,,,
2025-04-03,603408,13.600,12.900,13.610,12.800,4982200,64270380.00,6.33,-6.32,-0.87,0.00,603408,13.77,不复权,正常交易,,,
2025-04-07,603408,11.830,11.610,12.200,11.610,2789800,32389578.00,5.08,-10.00,-1.29,0.00,603408,12.90,不复权,正常交易,,,
2025-04-08,603408,11.740,10.900,11.740,10.750,5287100,57629390.00,9.21,-6.12,-0.71,0.00,603408,11.61,不复权,正常交易,,,
2025-04-09,603408,10.620,10.710,10.820,10.250,5320796,56985725.16,5.56,-1.74,-0.19,0.00,603408,10.90,不复权,正常交易,,,
2025-04-10,603408,11.060,11.120,11.390,11.060,4066182,45215943.84,2.98,3.83,0.41,0.00,603408,10.71,不复权,正常交易,,,
2025-04-11,603408,11.200,11.180,11.400,11.040,3179251,35544026.18,3.26,0.54,0.06,0.00,603408,11.12,不复权,正常交易,,,
2025-04-14,603408,11.390,11.220,11.430,11.150,3505200,39328344.00,2.51,0.36,0.04,0.00,603408,11.18,不复权,正常交易,,,
2025-04-15,603408,11.230,11.300,11.330,11.130,2313600,26143680.00,1.80,0.71,0.08,0.00,603408,11.22,不复权,正常交易,,,
2025-04-16,603408,11.300,11.090,11.300,10.920,2072500,22984025.00,3.48,-1.86,-0.21,0.00,603408,11.30,不复权,正常交易,,,
2025-04-17,603408,11.080,11.120,11.220,11.000,2495600,27751072.00,2.00,0.27,0.03,0.00,603408,11.09,不复权,正常交易,,,
2025-04-18,603408,11.140,11.260,11.290,11.060,1703200,19178032.00,2.08,1.26,0.14,0.00,603408,11.12,不复权,正常交易,,,
2025-04-21,603408,11.260,11.240,11.270,11.130,2109550,23711342.00,1.26,-0.18,-0.02,0.00,603408,11.26,不复权,正常交易,,,
2025-04-22,603408,11.210,11.280,11.310,11.160,2163100,24399768.00,1.34,0.36,0.04,0.00,603408,11.24,不复权,正常交易,,,
2025-04-23,603408,11.330,11.580,11.690,11.330,3430500,39725190.00,3.18,2.66,0.30,0.00,603408,11.28,不复权,正常交易,,,
2025-04-24,603408,11.540,11.650,11.700,11.470,2682500,31251125.00,2.01,0.60,0.07,0.00,603408,11.58,不复权,正常交易,,,
2025-04-25,603408,11.650,11.450,11.680,11.430,3346300,38315135.00,2.19,-1.72,-0.20,0.00,603408,11.65,不复权,正常交易,,,
2025-04-28,603408,11.400,10.910,11.450,10.840,4896200,53417542.00,5.63,-4.72,-0.54,0.00,603408,11.45,不复权,正常交易,,,
2025-04-29,603408,10.920,11.100,11.200,10.870,4097300,45480030.00,3.04,1.74,0.19,0.00,603408,10.91,不复权,正常交易,,,
2025-04-30,603408,11.170,10.970,11.250,10.920,4683000,51372510.00,3.02,-1.17,-0.13,0.00,603408,11.10,不复权,正常交易,,,
2025-05-06,603408,11.050,11.120,11.120,10.940,5288600,58809232.00,1.65,1.37,0.15,0.00,603408,10.97,不复权,正常交易,,,
2025-05-07,603408,11.230,11.250,11.360,11.100,4027200,45306000.00,2.34,1.17,0.13,0.00,603408,11.12,不复权,正常交易,,,
2025-05-08,603408,11.250,11.310,11.350,11.150,3828700,43302597.00,1.79,0.53,0.06,0.00,603408,11.25,不复权,正常交易,,,
2025-05-09,603408,11.320,11.280,11.340,11.170,2705951,30523127.28,1.52,-0.27,-0.03,0.00,603408,11.31,不复权,正常交易,,,
2025-05-12,603408,11.380,11.420,11.540,11.320,4739000,54119380.00,1.94,1.24,0.14,0.00,603408,11.28,不复权,正常交易,,,
2025-05-13,603408,11.700,11.620,11.870,11.540,5778600,67147332.00,2.86,1.75,0.20,0.00,603408,11.42,不复权,正常交易,,,
2025-05-14,603408,11.570,11.550,11.620,11.370,3381113,39051855.15,2.20,-0.60,-0.07,0.00,603408,11.62,不复权,正常交易,,,
2025-05-15,603408,11.600,11.450,11.610,11.450,2875103,32919929.35,1.40,-0.87,-0.10,0.00,603408,11.55,不复权,正常交易,,,
2025-05-16,603408,11.470,11.520,11.550,11.420,1976583,22770236.16,1.14,0.61,0.07,0.00,603408,11.45,不复权,正常交易,,,
2025-05-19,603408,11.530,11.520,11.560,11.450,2200000,25344000.00,0.96,0.00,0.00,0.00,603408,11.52,不复权,正常交易,,,
2025-05-20,603408,11.480,11.600,11.610,11.450,2383259,27645804.40,1.40,0.69,0.08,0.00,603408,11.52,不复权,正常交易,,,
2025-05-21,603408,11.570,11.540,11.630,11.520,1958100,22596474.00,0.95,-0.52,-0.06,0.00,603408,11.60,不复权,正常交易,,,
2025-05-22,603408,11.520,11.420,11.600,11.420,1922300,21952666.00,1.58,-1.04,-0.12,0.00,603408,11.54,不复权,正常交易,,,
2025-05-23,603408,11.400,11.360,11.570,11.360,2178500,24747760.00,1.85,-0.53,-0.06,0.00,603408,11.42,不复权,正常交易,,,
2025-05-26,603408,11.390,11.350,11.420,11.220,2248200,25517070.00,1.78,-0.09,-0.01,0.00,603408,11.36,不复权,正常交易,,,
2025-05-27,603408,11.370,11.280,11.370,11.230,2404527,27123064.56,1.25,-0.62,-0.07,0.00,603408,11.35,不复权,正常交易,,,
2025-05-28,603408,11.320,11.380,11.400,11.270,2101800,23918484.00,1.15,0.89,0.10,0.00,603408,11.28,不复权,正常交易,,,
2025-05-29,603408,11.400,11.500,11.500,11.320,2781487,31987100.50,1.59,1.05,0.12,0.00,603408,11.38,不复权,正常交易,,,
2025-05-30,603408,11.450,11.380,11.470,11.350,1930600,21970228.00,1.06,-1.04,-0.12,0.00,603408,11.50,不复权,正常交易,,,
2025-06-03,603408,11.380,11.370,11.430,11.280,1874800,21316476.00,1.33,-0.09,-0.01,0.00,603408,11.38,不复权,正常交易,,,
2025-06-04,603408,11.370,11.560,11.560,11.370,2571400,29725384.00,1.67,1.67,0.19,0.00,603408,11.37,不复权,正常交易,,,
2025-06-05,603408,11.580,11.500,11.590,11.460,1537800,17684700.00,1.13,-0.52,-0.06,0.00,603408,11.56,不复权,正常交易,,,
2025-06-06,603408,11.520,11.550,11.560,11.470,1927500,22262625.00,0.78,0.43,0.05,0.00,603408,11.50,不复权,正常交易,,,
2025-06-09,603408,11.580,11.650,11.660,11.540,2267000,26410550.00,1.04,0.87,0.10,0.00,603408,11.55,不复权,正常交易,,,
2025-06-10,603408,11.600,11.610,11.700,11.450,2426400,28170504.00,2.18,-0.34,-0.04,0.00,603408,11.65,不复权,正常交易,,,
2025-06-11,603408,11.670,11.850,11.900,11.670,3346600,39657210.00,1.97,2.07,0.24,0.00,603408,11.61,不复权,正常交易,,,
2025-06-12,603408,11.830,11.810,11.890,11.710,2875700,33962017.00,1.54,-0.34,-0.04,0.00,603408,11.85,不复权,正常交易,,,
2025-06-13,603408,11.820,11.690,11.850,11.650,2749800,32145162.00,1.72,-1.02,-0.12,0.00,603408,11.81,不复权,正常交易,,,
2025-06-16,603408,11.600,11.450,11.700,11.420,5722300,65520335.00,2.45,-2.05,-0.24,0.00,603408,11.69,不复权,正常交易,,,
2025-06-17,603408,10.850,10.900,11.010,10.850,3481298,37946148.20,1.47,-4.80,-0.55,0.00,603408,11.45,不复权,正常交易,,,
2025-06-18,603408,10.900,10.810,10.950,10.790,2474500,26749345.00,1.48,-0.83,-0.09,0.00,603408,10.90,不复权,正常交易,,,
2025-06-19,603408,10.800,10.710,10.840,10.640,2007600,21501396.00,1.88,-0.93,-0.10,0.00,603408,10.81,不复权,正常交易,,,
2025-06-20,603408,10.690,10.680,10.770,10.650,1527900,16317972.00,1.13,-0.28,-0.03,0.00,603408,10.71,不复权,正常交易,,,
2025-06-23,603408,10.610,10.700,10.720,10.580,1641300,17561910.00,1.32,0.19,0.02,0.00,603408,10.68,不复权,正常交易,,,
2025-06-24,603408,10.710,10.890,10.900,10.710,1936216,21085392.24,1.77,1.78,0.19,0.00,603408,10.70,不复权,正常交易,,,
2025-06-25,603408,10.880,10.940,10.950,10.800,2303300,25198102.00,1.39,0.46,0.05,0.00,603408,10.89,不复权,正常交易,,,
2025-06-26,603408,10.930,10.830,10.950,10.790,2084400,22574052.00,1.48,-1.01,-0.11,0.00,603408,10.94,不复权,正常交易,,,
2025-06-27,603408,10.850,10.960,10.970,10.830,2460382,26965786.72,1.29,1.20,0.13,0.00,603408,10.83,不复权,正常交易,,,
2025-06-30,603408,11.020,10.970,11.050,10.920,1667500,18292475.00,1.19,0.09,0.01,0.00,603408,10.96,不复权,正常交易,,,
2025-07-01,603408,11.000,11.120,11.130,10.930,2704913,30078632.56,1.83,1.37,0.15,0.00,603408,10.97,不复权,正常交易,,,
2025-07-02,603408,11.160,11.160,11.180,11.060,2295960,25622913.60,1.08,0.36,0.04,0.00,603408,11.12,不复权,正常交易,,,
2025-07-03,603408,11.180,11.220,11.270,11.110,2387800,26791116.00,1.44,0.54,0.06,0.00,603408,11.16,不复权,正常交易,,,
2025-07-04,603408,11.200,11.120,11.240,11.070,2440500,27138360.00,1.54,-0.89,-0.10,0.00,603408,11.22,不复权,正常交易,,,
2025-07-07,603408,11.140,11.180,11.210,11.080,1845910,20637273.80,1.17,0.54,0.06,0.00,603408,11.12,不复权,正常交易,,,
2025-07-08,603408,11.240,11.220,11.270,11.130,1777100,19939062.00,1.26,0.36,0.04,0.00,603408,11.18,不复权,正常交易,,,
2025-07-09,603408,11.260,11.180,11.270,11.150,1886100,21086598.00,1.08,-0.36,-0.04,0.00,603408,11.22,不复权,正常交易,,,
2025-07-10,603408,11.190,11.220,11.230,11.140,1602998,17985637.56,0.81,0.36,0.04,0.00,603408,11.18,不复权,正常交易,,,
2025-07-11,603408,11.260,11.220,11.280,11.170,2022398,22691305.56,0.98,0.00,0.00,0.00,603408,11.22,不复权,正常交易,,,
2025-07-14,603408,11.260,11.330,11.360,11.210,1933153,21902623.49,1.34,0.98,0.11,0.00,603408,11.22,不复权,正常交易,,,
2025-07-15,603408,11.330,11.270,11.380,11.200,2422200,27298194.00,1.61,-0.53,-0.06,0.00,603408,11.33,不复权,正常交易,,,
2025-07-16,603408,11.310,11.370,11.370,11.290,1449800,16484226.00,0.71,0.89,0.10,0.00,603408,11.27,不复权,正常交易,,,
2025-07-17,603408,11.370,11.270,11.370,11.240,1981800,22334886.00,1.16,-0.88,-0.10,0.00,603408,11.37,不复权,正常交易,,,
2025-07-18,603408,11.280,11.300,11.330,11.220,1934900,21864370.00,0.98,0.27,0.03,0.00,603408,11.27,不复权,正常交易,,,
2025-07-21,603408,11.330,11.450,11.470,11.310,2578100,29519245.00,1.41,1.33,0.15,0.00,603408,11.30,不复权,正常交易,,,
2025-07-22,603408,11.450,11.680,11.700,11.410,3241937,37865824.16,2.54,2.01,0.23,0.00,603408,11.45,不复权,正常交易,,,
2025-07-23,603408,11.690,11.620,11.780,11.600,2818186,32747321.32,1.55,-0.51,-0.06,0.00,603408,11.68,不复权,正常交易,,,
2025-07-24,603408,11.660,11.680,11.750,11.630,1834300,21424624.00,1.03,0.52,0.06,0.00,603408,11.62,不复权,正常交易,,,
2025-07-25,603408,11.680,11.800,11.850,11.680,2073145,24463111.00,1.46,1.03,0.12,0.00,603408,11.68,不复权,正常交易,,,
2025-07-28,603408,11.820,11.710,11.860,11.670,2337200,27368612.00,1.63,-0.76,-0.09,0.00,603408,11.80,不复权,正常交易,,,
2025-07-29,603408,11.740,11.680,11.750,11.590,1587145,18537853.60,1.38,-0.26,-0.03,0.00,603408,11.71,不复权,正常交易,,,
2025-07-30,603408,11.670,11.700,11.780,11.610,2375900,27798030.00,1.46,0.17,0.02,0.00,603408,11.68,不复权,正常交易,,,
2025-07-31,603408,11.660,11.400,11.720,11.400,2349000,26778600.00,2.81,-2.56,-0.30,0.00,603408,11.70,不复权,正常交易,,,
2025-08-01,603408,11.470,11.670,11.680,11.420,2544000,29688480.00,2.28,2.37,0.27,0.00,603408,11.40,不复权,正常交易,,,
2025-08-04,603408,11.620,11.710,11.720,11.590,1560200,18269942.00,1.12,0.34,0.04,0.00,603408,11.67,不复权,正常交易,,,
2025-08-05,603408,11.710,11.810,11.830,11.680,1355500,16008455.00,1.28,0.85,0.10,0.00,603408,11.71,不复权,正常交易,,,
2025-08-06,603408,11.900,11.750,11.900,11.710,1933900,22723325.00,1.62,-0.51,-0.06,0.00,603408,11.81,不复权,正常交易,,,
2025-08-07,603408,11.830,11.760,11.830,11.740,1273300,14974008.00,0.77,0.09,0.01,0.00,603408,11.75,不复权,正常交易,,,
2025-08-08,603408,11.700,11.910,11.950,11.650,2877500,34271025.00,2.58,1.28,0.15,0.00,603408,11.76,不复权,正常交易,,,
2025-08-11,603408,11.920,11.910,11.950,11.850,1718900,20472099.00,0.84,0.00,0.00,0.00,603408,11.91,不复权,正常交易,,,
2025-08-12,603408,11.930,12.020,12.040,11.920,2244200,26975284.00,1.01,0.92,0.11,0.00,603408,11.91,不复权,正常交易,,,
2025-08-13,603408,12.020,12.020,12.060,11.900,1875000,22537500.00,1.34,0.00,0.00,0.00,603408,12.02,不复权,正常交易,,,
2025-08-14,603408,12.030,11.880,12.030,11.880,2052900,24388452.00,1.26,-1.16,-0.14,0.00,603408,12.02,不复权,正常交易,,,
2025-08-15,603408,11.880,12.090,12.170,11.840,2696300,32598267.00,2.79,1.77,0.21,0.00,603408,11.88,不复权,正常交易,,,
2025-08-18,603408,12.130,12.230,12.260,12.110,2437100,29805733.00,1.24,1.16,0.14,0.00,603408,12.09,不复权,正常交易,,,
2025-08-19,603408,12.300,12.560,12.670,12.260,3340100,41951656.00,3.34,2.70,0.33,0.00,603408,12.23,不复权,正常交易,,,
2025-08-20,603408,12.500,12.840,12.910,12.500,3505492,45010517.28,3.28,2.23,0.28,0.00,603408,12.56,不复权,正常交易,,,
2025-08-21,603408,12.930,12.900,13.130,12.750,3417400,44084460.00,2.98,0.47,0.06,0.00,603408,12.84,不复权,正常交易,,,
2025-08-22,603408,12.900,12.750,12.950,12.670,3072200,39170550.00,2.21,-1.16,-0.15,0.00,603408,12.90,不复权,正常交易,,,
2025-08-25,603408,12.780,12.640,12.810,12.600,3096592,39140922.88,1.67,-0.86,-0.11,0.00,603408,12.75,不复权,正常交易,,,
2025-08-26,603408,12.690,12.680,12.820,12.580,2007700,25457636.00,1.91,0.32,0.04,0.00,603408,12.64,不复权,正常交易,,,
2025-08-27,603408,12.680,12.310,12.760,12.130,3218937,39625114.47,5.19,-2.92,-0.37,0.00,603408,12.68,不复权,正常交易,,,
2025-08-28,603408,12.340,12.240,12.470,11.840,3539187,43319648.88,5.32,-0.57,-0.07,0.00,603408,12.31,不复权,正常交易,,,
2025-08-29,603408,12.150,11.910,12.220,11.870,4142600,49338366.00,2.95,-2.70,-0.33,0.00,603408,12.24,不复权,正常交易,,,
2025-09-01,603408,11.960,11.790,12.200,11.770,4836353,57020601.87,3.65,-1.01,-0.12,0.00,603408,11.91,不复权,正常交易,,,
2025-09-02,603408,11.860,11.850,11.900,11.710,3311100,39236535.00,1.62,0.51,0.06,0.00,603408,11.79,不复权,正常交易,,,
2025-09-03,603408,11.890,11.640,11.900,11.610,2472300,28777572.00,2.50,-1.77,-0.21,0.00,603408,11.85,不复权,正常交易,,,
2025-09-04,603408,11.650,11.770,11.800,11.580,2425600,28549312.00,1.90,1.12,0.13,0.00,603408,11.64,不复权,正常交易,,,
2025-09-05,603408,11.760,11.870,11.920,11.700,3189089,37854486.43,1.88,0.85,0.10,0.00,603408,11.77,不复权,正常交易,,,
2025-09-08,603408,11.910,12.170,12.180,11.900,3097773,37699897.41,2.35,2.53,0.30,0.00,603408,11.87,不复权,正常交易,,,
2025-09-09,603408,12.060,12.320,12.360,12.020,2870726,35367344.32,2.83,1.23,0.15,0.00,603408,12.17,不复权,正常交易,,,
2025-09-10,603408,12.320,12.550,12.570,12.120,3600136,45181706.80,3.71,1.87,0.23,0.00,603408,12.32,不复权,正常交易,,,
2025-09-11,603408,12.500,12.510,12.910,12.370,10513922,131529164.22,4.37,-0.32,-0.04,0.00,603408,12.55,不复权,正常交易,,,
2025-09-12,603408,12.500,12.050,12.570,12.010,5639445,67955312.25,4.66,-3.68,-0.46,0.00,603408,12.51,不复权,正常交易,,,
2025-09-15,603408,12.050,11.940,12.090,11.880,2899353,34618274.82,1.77,-0.91,-0.11,0.00,603408,12.05,不复权,正常交易,,,
2025-09-16,603408,11.940,12.080,12.080,11.850,2305200,27846816.00,1.94,1.17,0.14,0.00,603408,11.94,不复权,正常交易,,,
2025-09-17,603408,12.050,12.120,12.300,12.050,3173500,38462820.00,2.07,0.33,0.04,0.00,603408,12.08,不复权,正常交易,,,
2025-09-18,603408,12.120,11.900,12.160,11.780,2653677,31578756.30,3.23,-1.82,-0.22,0.00,603408,12.12,不复权,正常交易,,,
2025-09-19,603408,11.830,11.890,11.960,11.800,2032300,24164047.00,1.36,-0.08,-0.01,0.00,603408,11.90,不复权,正常交易,,,
2025-09-22,603408,11.870,11.600,11.890,11.570,2293600,26605760.00,2.77,-2.44,-0.29,0.00,603408,11.89,不复权,正常交易,,,
2025-09-23,603408,11.570,11.550,11.630,11.160,3683550,42545002.50,4.21,-0.43,-0.05,0.00,603408,11.60,不复权,正常交易,,,
2025-09-24,603408,11.420,11.660,11.670,11.420,2261300,26366758.00,2.19,0.95,0.11,0.00,603408,11.55,不复权,正常交易,,,
2025-09-25,603408,11.650,11.610,11.660,11.560,1230300,14283783.00,0.87,-0.43,-0.05,0.00,603408,11.66,不复权,正常交易,,,
2025-09-26,603408,11.520,11.900,11.940,11.370,4039000,48064100.00,5.01,2.50,0.29,0.00,603408,11.61,不复权,正常交易,,,
2025-09-29,603408,11.880,12.320,12.330,11.600,6454900,79524368.00,6.29,3.53,0.42,0.00,603408,11.90,不复权,正常交易,,,
2025-09-30,603408,12.310,12.270,12.490,12.190,8814512,108154062.24,2.46,-0.41,-0.05,0.00,603408,12.32,不复权,正常交易,,,
2025-10-09,603408,12.210,11.610,12.260,11.520,7264100,84336201.00,6.42,-5.38,-0.66,0.00,603408,12.27,不复权,正常交易,,,
2025-10-10,603408,11.560,11.810,11.960,11.540,3896700,46020027.00,3.64,1.72,0.20,0.00,603408,11.61,不复权,正常交易,,,
2025-10-13,603408,11.510,11.590,11.650,11.420,3086100,35767899.00,2.01,-1.86,-0.22,0.00,603408,11.81,不复权,正常交易,,,
2025-10-14,603408,11.580,11.510,11.680,11.480,2976700,34261817.00,1.74,-0.69,-0.08,0.00,603408,11.59,不复权,正常交易,,,
2025-10-15,603408,11.500,11.580,11.690,11.500,2005000,23217900.00,1.65,0.61,0.07,0.00,603408,11.51,不复权,正常交易,,,
2025-10-16,603408,11.580,11.510,11.630,11.480,1829800,21060998.00,1.31,-0.60,-0.07,0.00,603408,11.58,不复权,正常交易,,,
2025-10-17,603408,11.480,11.420,11.580,11.420,1946200,22225604.00,1.40,-0.78,-0.09,0.00,603408,11.51,不复权,正常交易,,,
2025-10-20,603408,11.420,11.490,11.510,11.380,1428200,16410018.00,1.14,0.61,0.07,0.00,603408,11.42,不复权,正常交易,,,
2025-10-21,603408,11.500,11.620,11.640,11.470,1597200,18559464.00,1.48,1.13,0.13,0.00,603408,11.49,不复权,正常交易,,,
2025-10-22,603408,11.600,11.650,11.760,11.550,1614100,18804265.00,1.82,0.26,0.03,0.00,603408,11.62,不复权,正常交易,,,
2025-10-23,603408,11.650,11.660,11.700,11.540,1529500,17833970.00,1.39,0.09,0.01,0.00,603408,11.65,不复权,正常交易,,,
2025-10-24,603408,11.670,11.580,11.720,11.550,2032400,23535192.00,1.47,-0.69,-0.08,0.00,603408,11.66,不复权,正常交易,,,
2025-10-27,603408,11.580,11.760,11.780,11.530,2323600,27325536.00,2.17,1.55,0.18,0.00,603408,11.58,不复权,正常交易,,,
2025-10-28,603408,11.720,11.870,11.950,11.720,3266250,38770387.50,1.96,0.94,0.11,0.00,603408,11.76,不复权,正常交易,,,
2025-10-29,603408,11.830,11.660,11.870,11.600,2341900,27306554.00,2.33,-1.77,-0.21,0.00,603408,11.87,不复权,正常交易,,,
2025-10-30,603408,11.480,12.170,12.300,11.450,6962700,84736059.00,7.42,4.37,0.51,0.00,603408,11.66,不复权,正常交易,,,
2025-10-31,603408,12.020,12.090,12.240,11.860,5124900,61960041.00,3.20,-0.66,-0.08,0.00,603408,12.17,不复权,正常交易,,,
2025-11-03,603408,12.090,12.070,12.250,12.000,4967377,59956240.39,2.08,-0.17,-0.02,0.00,603408,12.09,不复权,正常交易,,,
2025-11-04,603408,12.130,12.220,12.430,12.070,3534100,43186702.00,2.98,1.24,0.15,0.00,603408,12.07,不复权,正常交易,,,
2025-11-05,603408,12.130,12.140,12.240,12.080,2735700,33211398.00,1.32,-0.65,-0.08,0.00,603408,12.22,不复权,正常交易,,,
2025-11-06,603408,12.140,12.250,12.310,12.140,2495308,30567523.00,1.40,0.91,0.11,0.00,603408,12.14,不复权,正常交易,,,
2025-11-07,603408,12.250,12.270,12.520,12.220,4219180,51769338.60,2.45,0.16,0.02,0.00,603408,12.25,不复权,正常交易,,,
2025-11-10,603408,12.450,12.320,12.450,12.250,3259100,40152112.00,1.63,0.41,0.05,0.00,603408,12.27,不复权,正常交易,,,
2025-11-11,603408,12.350,12.600,12.910,12.300,7331900,92381940.00,4.96,2.27,0.28,0.00,603408,12.32,不复权,正常交易,,,
2025-11-12,603408,12.570,12.800,12.910,12.520,5507000,70489600.00,3.12,1.59,0.20,0.00,603408,12.60,不复权,正常交易,,,
2025-11-13,603408,12.720,12.700,12.820,12.490,2910900,36968430.00,2.64,-0.78,-0.10,0.00,603408,12.80,不复权,正常交易,,,
2025-11-14,603408,12.700,12.920,13.100,12.630,4666550,60291826.00,3.72,1.73,0.22,0.00,603408,12.70,不复权,正常交易,,,
2025-11-17,603408,12.970,12.850,12.980,12.670,3155300,40545605.00,2.45,-0.54,-0.07,0.00,603408,12.92,不复权,正常交易,,,
2025-11-18,603408,12.780,12.630,12.840,12.540,4234212,53478097.56,2.39,-1.71,-0.22,0.00,603408,12.85,不复权,正常交易,,,
2025-11-19,603408,12.690,12.650,12.800,12.560,2287700,28939405.00,1.91,0.16,0.02,0.00,603408,12.63,不复权,正常交易,,,
2025-11-20,603408,12.650,12.580,12.700,12.430,2356200,29640996.00,2.17,-0.55,-0.07,0.00,603408,12.65,不复权,正常交易,,,
2025-11-21,603408,12.520,12.210,12.620,12.180,2812600,34341846.00,3.61,-2.94,-0.37,0.00,603408,12.58,不复权,正常交易,,,
2025-11-24,603408,12.260,12.240,12.420,12.170,1940400,23750496.00,2.05,0.25,0.03,0.00,603408,12.21,不复权,正常交易,,,
2025-11-25,603408,12.250,12.680,12.810,12.250,3785908,48005313.44,4.57,3.59,0.44,0.00,603408,12.24,不复权,正常交易,,,
2025-11-26,603408,12.660,12.720,12.980,12.630,3681900,46833768.00,2.77,0.32,0.04,0.00,603408,12.68,不复权,正常交易,,,
2025-11-27,603408,12.660,12.820,13.070,12.660,2215700,28405274.00,3.24,0.79,0.10,0.00,603408,12.72,不复权,正常交易,,,
2025-11-28,603408,12.900,13.010,13.040,12.660,2821200,36703812.00,3.00,1.48,0.19,0.00,603408,12.82,不复权,正常交易,,,
2025-12-01,603408,13.010,12.910,13.090,12.800,2159900,27884309.00,2.27,-0.77,-0.10,0.00,603408,13.01,不复权,正常交易,,,
2025-12-02,603408,12.880,13.330,13.600,12.860,6424065,85632786.45,5.75,3.25,0.42,0.00,603408,12.91,不复权,正常交易,,,
2025-12-03,603408,13.210,13.260,13.400,13.050,4336900,57507294.00,2.68,-0.53,-0.07,0.00,603408,13.33,不复权,正常交易,,,
2025-12-04,603408,13.160,13.370,14.170,13.150,5973300,79863021.00,7.76,0.83,0.11,0.00,603408,13.26,不复权,正常交易,,,
2025-12-05,603408,13.480,13.420,13.560,13.000,4166600,55915772.00,4.31,0.37,0.05,0.00,603408,13.37,不复权,正常交易,,,
2025-12-08,603408,13.500,13.540,13.660,13.260,4586600,62102564.00,3.02,0.89,0.12,0.00,603408,13.42,不复权,正常交易,,,
2025-12-09,603408,13.480,13.970,14.400,13.380,8992844,125630030.68,7.62,3.18,0.43,0.00,603408,13.54,不复权,正常交易,,,
2025-12-10,603408,14.000,14.350,15.370,13.980,19480748,279548733.80,9.94,2.72,0.38,0.00,603408,13.97,不复权,正常交易,,,
2025-12-11,603408,13.970,13.330,14.330,13.330,14327391,190984122.03,7.50,-7.11,-1.02,0.00,603408,14.35,不复权,正常交易,,,
2025-12-12,603408,13.560,14.660,14.660,13.360,12311691,180489390.06,9.73,9.98,1.33,0.00,603408,13.33,不复权,正常交易,,,
2025-12-15,603408,14.370,13.780,14.370,13.710,21346491,294154645.98,4.81,-6.00,-0.88,0.00,603408,14.66,不复权,正常交易,,,
2025-12-16,603408,13.920,13.160,14.150,13.040,15974252,210221156.32,8.51,-4.50,-0.62,0.00,603408,13.78,不复权,正常交易,,,
2025-12-17,603408,13.160,12.690,13.230,12.580,12266200,155658078.00,5.17,-3.57,-0.47,0.00,603408,13.16,不复权,正常交易,,,
2025-12-18,603408,12.620,12.850,13.180,12.580,8464500,108768825.00,4.77,1.26,0.16,0.00,603408,12.69,不复权,正常交易,,,
2025-12-19,603408,12.930,13.640,13.730,12.850,11704306,159646733.84,6.85,6.15,0.79,0.00,603408,12.85,不复权,正常交易,,,
2025-12-22,603408,13.640,13.680,14.100,13.430,8026752,109805967.36,4.99,0.29,0.04,0.00,603408,13.64,不复权,正常交易,,,
2025-12-23,603408,13.680,13.780,13.990,13.620,6326700,87181926.00,2.72,0.73,0.10,0.00,603408,13.68,不复权,正常交易,,,
2025-12-24,603408,13.790,13.810,13.900,13.600,4143600,57223116.00,2.21,0.22,0.03,0.00,603408,13.78,不复权,正常交易,,,
2025-12-25,603408,13.920,13.790,14.150,13.610,6017800,82985462.00,3.97,-0.14,-0.02,0.00,603408,13.81,不复权,正常交易,,,
2025-12-26,603408,14.470,14.220,15.170,14.150,16858267,239724556.74,7.21,3.12,0.43,0.00,603408,13.79,不复权,正常交易,,,
2025-12-29,603408,14.300,14.330,15.330,14.160,16823071,241074607.43,8.26,0.77,0.11,0.00,603408,14.22,不复权,正常交易,,,
2025-12-30,603408,14.100,14.050,14.330,13.950,7919252,111265490.60,2.72,-1.95,-0.28,0.00,603408,14.33,不复权,正常交易,,,
2025-12-31,603408,14.050,13.540,14.050,13.420,7524156,101877072.24,4.69,-3.63,-0.51,0.00,603408,14.05,不复权,正常交易,,,
2026-01-05,603408,13.470,13.020,13.470,12.980,6835409,88997025.18,3.78,-3.84,-0.52,0.00,603408,13.54,不复权,正常交易,,,
2026-01-06,603408,13.050,13.260,13.420,12.940,5304700,70340322.00,3.71,1.84,0.24,0.00,603408,13.02,不复权,正常交易,,,
2026-01-07,603408,13.200,13.080,13.240,13.030,4661200,60968496.00,1.61,-1.36,-0.18,0.00,603408,13.26,不复权,正常交易,,,
2026-01-08,603408,13.130,13.110,13.280,12.960,3749900,49161189.00,2.47,0.23,0.03,0.00,603408,13.08,不复权,正常交易,,,
2026-01-09,603408,13.120,13.020,13.160,12.960,4167100,54255642.00,1.54,-0.69,-0.09,0.00,603408,13.11,不复权,正常交易,,,
2026-01-12,603408,13.090,12.940,13.090,12.920,5145800,66586652.00,1.32,-0.61,-0.08,0.00,603408,13.02,不复权,正常交易,,,
2026-01-13,603408,12.940,12.780,13.060,12.730,4782000,61113960.00,2.59,-1.24,-0.16,0.00,603408,12.94,不复权,正常交易,,,
2026-01-14,603408,12.840,12.930,13.070,12.760,5175300,66916629.00,2.43,1.17,0.15,0.00,603408,12.78,不复权,正常交易,,,
2026-01-15,603408,12.960,13.080,13.250,12.760,5136500,67185420.00,3.84,1.16,0.15,0.00,603408,12.93,不复权,正常交易,,,
2026-01-16,603408,13.090,13.150,13.250,13.030,4276500,56235975.00,1.69,0.54,0.07,0.00,603408,13.08,不复权,正常交易,,,
2026-01-19,603408,13.150,13.630,13.830,13.100,7881600,107426208.00,5.57,3.65,0.48,0.00,603408,13.15,不复权,正常交易,,,
2026-01-20,603408,13.630,13.670,13.710,13.460,4141600,56615672.00,1.86,0.29,0.04,0.00,603408,13.63,不复权,正常交易,,,
2026-01-21,603408,13.650,13.640,13.650,13.420,3717421,50705622.44,1.71,-0.22,-0.03,0.00,603408,13.67,不复权,正常交易,,,
2026-01-22,603408,13.650,13.820,13.850,13.550,3628900,50151398.00,2.21,1.32,0.18,0.00,603408,13.64,不复权,正常交易,,,
2026-01-23,603408,13.820,13.710,13.900,13.610,3604033,49411292.43,2.13,-0.80,-0.11,0.00,603408,13.82,不复权,正常交易,,,
2026-01-26,603408,13.780,13.530,13.780,13.450,4546900,61519557.00,2.45,-1.31,-0.18,0.00,603408,13.71,不复权,正常交易,,,
2026-01-27,603408,13.540,13.450,13.700,13.240,3230900,43455605.00,3.47,-0.59,-0.08,0.00,603408,13.53,不复权,正常交易,,,
2026-01-28,603408,13.450,13.250,13.450,13.140,3588300,47544975.00,2.36,-1.49,-0.20,0.00,603408,13.45,不复权,正常交易,,,
2026-01-29,603408,13.240,13.160,13.330,13.050,2821380,37129360.80,2.15,-0.68,-0.09,0.00,603408,13.25,不复权,正常交易,,,
2026-01-30,603408,13.190,13.240,13.350,13.040,3801700,50334508.00,2.38,0.61,0.08,0.00,603408,13.16,不复权,正常交易,,,
2026-02-02,603408,13.210,12.920,13.210,12.910,3563900,46045588.00,2.32,-2.42,-0.32,0.00,603408,13.24,不复权,正常交易,,,
2026-02-03,603408,12.980,13.000,13.090,12.910,2378300,30917900.00,1.39,0.62,0.08,0.00,603408,12.92,不复权,正常交易,,,
2026-02-04,603408,13.000,13.180,13.190,12.900,2588900,34121702.00,2.25,1.38,0.18,0.00,603408,13.00,不复权,正常交易,,,
2026-02-05,603408,13.170,13.380,13.520,13.130,3390600,45366228.00,2.97,1.52,0.20,0.00,603408,13.18,不复权,正常交易,,,
2026-02-06,603408,13.280,13.440,13.550,13.270,2447300,32891712.00,2.11,0.45,0.06,0.00,603408,13.38,不复权,正常交易,,,
2026-02-09,603408,13.550,13.630,13.730,13.530,3127710,42630687.30,1.48,1.41,0.19,0.00,603408,13.44,不复权,正常交易,,,
2026-02-10,603408,13.720,13.640,13.720,13.560,2111600,28802224.00,1.18,0.07,0.01,0.00,603408,13.63,不复权,正常交易,,,
2026-02-11,603408,13.690,13.730,13.850,13.600,2660100,36523173.00,1.84,0.66,0.09,0.00,603408,13.64,不复权,正常交易,,,
2026-02-12,603408,13.700,13.500,13.720,13.440,2533800,34206300.00,2.08,-1.68,-0.23,0.00,603408,13.73,不复权,正常交易,,,
2026-02-13,603408,13.500,13.310,13.570,13.270,1957600,26055656.00,2.26,-1.41,-0.19,0.00,603408,13.50,不复权,正常交易,,,
2026-02-24,603408,13.350,13.350,13.370,13.220,2191000,29249850.00,1.13,0.30,0.04,0.00,603408,13.31,不复权,正常交易,,,
2026-02-25,603408,13.370,13.360,13.530,13.330,2773600,37055296.00,1.50,0.07,0.01,0.00,603408,13.35,不复权,正常交易,,,
2026-02-26,603408,13.380,13.380,13.420,13.220,2300400,30779352.00,1.51,0.15,0.02,0.00,603408,13.36,不复权,正常交易,,,
2026-02-27,603408,13.400,13.570,13.600,13.370,3052000,41415640.00,1.72,1.42,0.19,0.00,603408,13.38,不复权,正常交易,,,
2026-03-02,603408,13.450,12.930,13.560,12.880,5726510,74043774.30,5.28,-4.72,-0.64,0.00,603408,13.57,不复权,正常交易,,,
2026-03-03,603408,12.940,12.460,13.120,12.460,4434436,55253072.56,5.30,-3.63,-0.47,0.00,603408,12.93,不复权,正常交易,,,
2026-03-04,603408,12.320,12.280,12.580,12.130,3490813,42867183.64,3.71,-1.44,-0.18,0.00,603408,12.46,不复权,正常交易,,,
2026-03-05,603408,12.440,12.300,12.500,12.210,2311400,28430220.00,2.38,0.16,0.02,0.00,603408,12.28,不复权,正常交易,,,
2026-03-06,603408,12.350,12.430,12.470,12.240,2098500,26084355.00,1.88,1.06,0.13,0.00,603408,12.30,不复权,正常交易,,,
2026-03-09,603408,12.310,12.290,12.400,12.160,2909600,35758984.00,1.97,-1.13,-0.14,0.00,603408,12.43,不复权,正常交易,,,
2026-03-10,603408,12.440,12.490,12.500,12.290,2130300,26607447.00,1.71,1.63,0.20,0.00,603408,12.29,不复权,正常交易,,,
2026-03-11,603408,12.500,12.450,12.540,12.360,2130000,26518500.00,1.46,-0.32,-0.04,0.00,603408,12.49,不复权,正常交易,,,
2026-03-12,603408,12.460,12.290,12.480,12.290,1703500,20936015.00,1.55,-1.29,-0.16,0.00,603408,12.45,不复权,正常交易,,,
2026-03-13,603408,12.280,12.300,12.430,12.240,1878500,23105550.00,1.55,0.08,0.01,0.00,603408,12.29,不复权,正常交易,,,
2026-03-16,603408,12.320,12.490,12.510,12.250,3643400,45506066.00,2.12,1.54,0.19,0.00,603408,12.30,不复权,正常交易,,,
2026-03-17,603408,12.500,12.440,12.700,12.420,2989700,37191868.00,2.25,-0.40,-0.05,0.00,603408,12.49,不复权,正常交易,,,
2026-03-18,603408,12.450,12.520,12.580,12.360,2461400,30816728.00,1.78,0.64,0.08,0.00,603408,12.44,不复权,正常交易,,,
2026-03-19,603408,12.460,12.240,12.520,12.200,2516800,30805632.00,2.62,-2.24,-0.28,0.00,603408,12.52,不复权,正常交易,,,
2026-03-20,603408,12.260,12.030,12.350,11.980,2624488,31572590.64,3.09,-1.72,-0.21,0.00,603408,12.24,不复权,正常交易,,,
2026-03-23,603408,11.940,11.310,11.960,11.240,3682950,41654164.50,6.41,-5.99,-0.72,0.00,603408,12.03,不复权,正常交易,,,
2026-03-24,603408,11.500,11.690,11.690,11.410,1814134,21207226.46,2.45,3.36,0.38,0.00,603408,11.31,不复权,正常交易,,,
2026-03-25,603408,11.750,11.890,11.910,11.700,2055700,24442273.00,1.79,1.71,0.20,0.00,603408,11.69,不复权,正常交易,,,
2026-03-26,603408,11.880,11.750,12.070,11.650,2147800,25236650.00,3.61,-1.18,-0.14,0.00,603408,11.89,不复权,正常交易,,,
2026-03-27,603408,11.700,11.790,11.820,11.650,1881157,22178841.03,1.46,0.34,0.04,0.00,603408,11.75,不复权,正常交易,,,
2026-03-30,603408,11.720,11.890,11.900,11.530,1839900,21876411.00,3.21,0.85,0.10,0.00,603408,11.79,不复权,正常交易,,,
2026-03-31,603408,11.810,11.790,12.060,11.720,1546600,18234414.00,2.90,-0.84,-0.10,0.00,603408,11.89,不复权,正常交易,,,
2026-04-01,603408,11.850,11.960,11.990,11.720,3003000,35915880.00,2.30,1.44,0.17,0.00,603408,11.79,不复权,正常交易,,,
2026-04-02,603408,11.890,11.780,12.060,11.750,2319510,27323827.80,2.64,-1.51,-0.18,0.00,603408,11.96,不复权,正常交易,,,
2026-04-03,603408,11.840,11.550,11.900,11.510,1688900,19506795.00,3.39,-1.95,-0.23,0.00,603408,11.78,不复权,正常交易,,,
2026-04-07,603408,11.570,11.590,11.690,11.500,1489400,17262146.00,1.65,0.35,0.04,0.00,603408,11.55,不复权,正常交易,,,
2026-04-08,603408,11.690,12.000,12.080,11.690,2377300,28527600.00,3.34,3.54,0.41,0.00,603408,11.59,不复权,正常交易,,,
2026-04-09,603408,11.980,11.820,12.000,11.730,2270710,26839792.20,2.30,-1.50,-0.18,0.00,603408,12.00,不复权,正常交易,,,
2026-04-10,603408,11.850,12.000,12.140,11.820,2117261,25407132.00,2.71,1.52,0.18,0.00,603408,11.82,不复权,正常交易,,,
2026-04-13,603408,12.040,11.910,12.040,11.810,1784000,21247440.00,1.95,-0.75,-0.09,0.00,603408,12.00,不复权,正常交易,,,
2026-04-14,603408,11.980,11.940,12.060,11.780,1880100,22448394.00,2.38,0.25,0.03,0.00,603408,11.91,不复权,正常交易,,,
2026-04-15,603408,12.030,11.980,12.150,11.950,1640396,19651944.08,1.67,0.34,0.04,0.00,603408,11.94,不复权,正常交易,,,
2026-04-16,603408,12.020,12.210,12.260,11.990,1708200,20857122.00,2.25,1.92,0.23,0.00,603408,11.98,不复权,正常交易,,,
2026-04-17,603408,12.260,12.080,12.260,11.910,2641261,31906432.88,2.94,-1.06,-0.13,0.00,603408,12.21,不复权,正常交易,,,
2026-04-20,603408,12.070,12.020,12.150,11.980,1554000,18679080.00,1.42,-0.50,-0.06,0.00,603408,12.08,不复权,正常交易,,,
2026-04-21,603408,12.000,12.050,12.130,11.950,1960500,23624025.00,1.51,0.25,0.03,0.00,603408,12.02,不复权,正常交易,,,
2026-04-22,603408,12.050,11.870,12.060,11.810,2206400,26189968.00,2.12,-1.49,-0.18,0.00,603408,12.05,不复权,正常交易,,,
2026-04-23,603408,11.830,11.470,11.870,11.360,4573000,52452310.00,4.49,-3.37,-0.40,0.00,603408,11.87,不复权,正常交易,,,
2026-04-24,603408,11.320,11.470,11.520,11.290,2466700,28293049.00,2.04,0.00,0.00,0.00,603408,11.47,不复权,正常交易,,,
2026-04-27,603408,11.480,11.650,11.770,11.410,3816200,44458730.00,3.16,1.13,0.13,0.00,603408,11.52,不复权，正常交易,,,
